play_agunim_vo_fight_attack_01|1|s,0,0,0,0,0,0,0,285441179,-5,9|l,0,2,0,0,0,0,0,0
play_agunim_vo_fight_attack_02|1|s,0,0,0,0,0,0,0,351723308,-5,9|l,0,2,0,0,0,0,0,0
play_agunim_vo_fight_attack_03|1|s,0,0,0,0,0,0,0,779775952,-5,9|l,0,2,0,0,0,0,0,0
play_agunim_vo_fight_attack_04|1|s,0,0,0,0,0,0,0,1054358218,-5,9|l,0,2,0,0,0,0,0,0
play_agunim_vo_fight_coop_01|1|s,0,0,0,0,0,0,0,996088383,-5,9|l,0,2,0,0,0,0,0,0
play_agunim_vo_fight_coop_02|1|s,0,0,0,0,0,0,0,1064155641,-5,9|l,0,2,0,0,0,0,0,0
play_agunim_vo_fight_hurt_01|1|s,0,0,0,0,0,0,0,947330713,-5,137|l,0,2,0,0,0,0,0,0
play_agunim_vo_fight_hurt_02|1|s,0,0,0,0,0,0,0,1065145748,-5,137|l,0,2,0,0,0,0,0,0
play_agunim_vo_fight_hurt_03|1|s,0,0,0,0,0,0,0,573731928,-5,137|l,0,2,0,0,0,0,0,0
play_agunim_vo_fight_intro_01|1|s,0,0,0,0,0,0,0,189667826,-5,9|l,0,2,0,0,0,0,0,0
play_agunim_vo_fight_intro_02|1|s,0,0,0,0,0,0,0,376609960,-5,9|l,0,2,0,0,0,0,0,0
play_agunim_vo_fight_intro_03|1|s,0,0,0,0,0,0,0,31940560,-5,9|l,0,2,0,0,0,0,0,0
play_agunim_vo_fight_intro_04|1|s,0,0,0,0,0,0,0,260153233,-5,9|l,0,2,0,0,0,0,0,0
play_agunim_vo_fight_intro_05|1|s,0,0,0,0,0,0,0,1037065000,-5,9|l,0,2,0,0,0,0,0,0
play_agunim_vo_fight_intro_06|1|s,0,0,0,0,0,0,0,302546223,-5,9|l,0,2,0,0,0,0,0,0
play_agunim_vo_fight_intro_07|1|s,0,0,0,0,0,0,0,987898171,-5,9|l,0,2,0,0,0,0,0,0
play_agunim_vo_fight_intro_08|1|s,0,0,0,0,0,0,0,847884549,-5,9|l,0,2,0,0,0,0,0,0
play_agunim_vo_fight_laugh_01|1|s,0,0,0,0,0,0,0,221798615,-5,9|l,0,2,0,0,0,0,0,0
play_agunim_vo_fight_laugh_02|1|s,0,0,0,0,0,0,0,1001564045,-5,9|l,0,2,0,0,0,0,0,0
play_agunim_vo_fight_lose_01|1|s,0,0,0,0,0,0,0,832254408,-5,9|l,0,2,0,0,0,0,0,0
play_agunim_vo_fight_lose_02|1|s,0,0,0,0,0,0,0,519221487,-5,9|l,0,2,0,0,0,0,0,0
play_agunim_vo_fight_lose_03|1|s,0,0,0,0,0,0,0,171562164,-5,9|l,0,2,0,0,0,0,0,0
play_agunim_vo_fight_lose_04|1|s,0,0,0,0,0,0,0,546038605,-5,9|l,0,2,0,0,0,0,0,0
play_agunim_vo_fight_lose_05|1|s,0,0,0,0,0,0,0,549488475,-5,9|l,0,2,0,0,0,0,0,0
play_agunim_vo_fight_lose_06|1|s,0,0,0,0,0,0,0,17137549,-5,9|l,0,2,0,0,0,0,0,0
play_agunim_vo_fight_lose_07|1|s,0,0,0,0,0,0,0,1028226094,-5,9|l,0,2,0,0,0,0,0,0
play_agunim_vo_fight_shadow_01|1|s,0,0,0,0,0,0,0,445759411,-5,9|l,0,2,0,0,0,0,0,0
play_agunim_vo_fight_win_01|1|s,0,0,0,0,0,0,0,931962921,-5,9|l,0,2,0,0,0,0,0,0
play_agunim_vo_fight_win_02|1|s,0,0,0,0,0,0,0,311060912,-5,9|l,0,2,0,0,0,0,0,0
play_agunim_vo_fight_win_03|1|s,0,0,0,0,0,0,0,788643853,-5,9|l,0,2,0,0,0,0,0,0
play_agunim_vo_fight_win_04|1|s,0,0,0,0,0,0,0,618761410,-5,9|l,0,2,0,0,0,0,0,0
play_agunim_vo_fight_win_05|1|s,0,0,0,0,0,0,0,21054848,-5,9|l,0,2,0,0,0,0,0,0
play_agunim_vo_noncombat_01|1|s,0,0,0,0,0,0,0,538942769,-5,9|l,0,2,0,0,0,0,0,0
play_agunim_vo_npc_vendor_01|3|s,0,0,0,0,0,0,0,304815093,-5,137|s,0,0,0,0,0,0,0,353476212,-5,137|r,0,0,0,0,0,0,0,0:1|l,0,2,0,0,0,0,0,2
play_agunim_vo_npc_vendor_02|1|s,0,0,0,0,0,0,0,661882275,-5,9|l,0,2,0,0,0,0,0,0
play_agunim_vo_shadow_hurt_01|4|s,0,0,0,0,0,0,0,414006544,-5,137|s,0,0,0,0,0,0,0,372594581,-5,137|s,0,0,0,0,0,0,0,174865828,-5,137|r,0,0,0,0,0,0,0,0:1:2|l,0,2,0,0,0,0,0,3
play_anm_gull_death_01|1|s,0,0,-100,0,0,0,0,917449890,-5,25|l,0,2,0,0,0,0,0,0
play_anm_gull_descend_01|1|s,0,1,0,0,0,0,0,310027630,-5,217|l,0,3,0,0,0,0,0,0
play_anm_gull_flap_01|2|s,0,0,0,0,0,0,0,573704714,-5,89|r,0,-5,0,0,0,-200,200,0|l,0,3,0,0,0,0,0,1
play_anm_gull_flex_01|1|s,0,2,-100,0,0,0,0,471428787,-5,217|l,0,3,0,0,0,0,0,0
play_anm_gull_gatling_01|1|s,0,-3,-200,0,0,0,0,829268080,-5,217|l,0,3,0,0,0,0,0,0
play_anm_gull_intro_01|1|s,0,0,-100,0,0,0,0,841930709,-5,217|l,0,3,0,0,0,0,0,0
play_anm_gull_laugh_01|1|s,0,0,0,0,0,0,0,188958435,-5,25|l,0,1,0,0,0,0,0,0
play_anm_gull_leap_01|1|s,0,0,-50,0,0,0,0,361485696,-5,217|l,0,3,0,0,0,0,0,0
play_anm_gull_lift_01|1|s,0,0,0,0,0,0,0,61478689,-5,217|l,0,3,0,0,0,0,0,0
play_anm_gull_loop_01|1|s,1,-18,-150,0,0,0,0,533261830,-5,217,1,1|l,0,3,0,0,0,0,0,0
play_anm_gull_outro_01|1|s,0,-2,250,0,0,0,0,487680567,-5,217|l,0,3,0,0,0,0,0,0
play_anm_gull_portrait_01|1|s,0,1,0,0,0,0,0,330369477,-5,217|l,0,3,0,0,0,0,0,0
play_anm_gull_rocket_01|3|s,0,0,0,0,0,0,0,705935,-5,25|s,0,0,0,0,0,0,0,105260471,-5,25|r,0,1,0,0,0,0,0,0:1|l,0,1,0,0,0,0,0,2
play_anm_gull_shadow_01|1|s,0,2,100,0,0,0,0,1060846157,-5,217|l,0,3,0,0,0,0,0,0
play_anm_gull_shoot_01|4|s,0,0,0,0,0,0,0,259022692,-5,25|s,0,0,0,0,0,0,0,75827240,-5,25|s,0,0,0,0,0,0,0,776628771,-5,25|r,0,-4,0,0,0,-50,50,0:1:2|l,0,1,0,0,0,0,0,3
play_anm_gull_swing_01|1|s,0,0,-200,0,0,0,0,950351164,-5,217|l,0,3,0,0,0,0,0,0
play_boss_agunim_charge_01|1|s,0,0,0,0,0,-50,100,372100829,-5,89|l,0,3,0,0,0,0,0,0
play_boss_agunim_charge_02|1|s,0,0,0,0,0,-50,100,1064951283,-5,89|l,0,3,0,0,0,0,0,0
play_boss_agunim_charge_03|1|s,0,0,0,0,0,-100,100,561650999,-5,89|l,0,3,0,0,0,0,0,0
play_boss_agunim_deflect_01|1|s,0,-5,430,0,0,-100,100,849093575,-5,89|l,0,3,0,0,0,0,0,0
play_boss_agunim_intro_01|1|s,0,0,0,0,0,0,0,559126153,-5,89|l,0,3,0,0,0,0,0,0
play_boss_agunim_move_01|1|s,0,-2,-710,0,0,-100,200,500905244,-5,89|l,0,3,0,0,0,0,0,0
play_boss_agunim_orb_01|1|s,0,-4,0,0,0,-100,200,157174544,-5,89|l,0,3,0,0,0,0,0,0
play_boss_agunim_ribbons_01|1|s,0,0,0,0,0,-50,100,237973534,-5,89|l,0,3,0,0,0,0,0,0
play_boss_agunim_volley_01|1|s,0,0,0,0,0,-100,50,672044817,-5,89|l,0,3,0,0,0,0,0,0
play_boss_bashellisk_grow_01|1|s,0,-5,230,0,0,0,0,1045143958,-5,89|l,0,3,0,0,0,0,0,0
play_boss_bashellisk_move_01|1|s,1,-8,180,0,0,0,0,743987530,-5,89|l,0,3,0,0,0,0,0,0
play_boss_bashellisk_move_02|1|s,1,-8,180,0,0,0,0,743987530,-5,89|l,0,3,0,0,0,0,0,0
play_boss_bashellisk_swallow_01|1|s,0,0,0,0,0,0,0,1060038254,-5,89|l,0,3,0,0,0,0,0,0
play_boss_bat_shot_01|1|s,0,0,0,-6,0,-200,50,547210323,-5,89|l,0,3,0,0,0,0,0,0
play_boss_blobulord_burst_01|1|s,0,4,-200,0,0,0,0,689593108,-5,89|l,0,3,0,0,0,0,0,0
play_boss_blobulord_spew_01|1|s,0,-4,0,0,0,-200,200,280452186,-5,89|l,0,3,0,0,0,0,0,0
play_boss_blockner_magic_01|1|s,0,0,-100,0,0,0,0,486760363,-5,89|l,0,3,0,0,0,0,0,0
play_boss_bulletbros_anger_01|1|s,0,-10,0,0,0,0,0,202834156,-5,89|l,0,3,0,0,0,0,0,0
play_boss_bulletbros_appear_01|1|s,0,3,200,0,0,0,0,575839144,-5,217,3,0|l,0,3,0,0,0,0,0,0
play_boss_bulletbros_fistbump_01|1|s,0,4,0,0,0,0,0,477855722,-5,217|l,0,3,0,0,0,0,0,0
play_boss_bulletbros_slam_01|1|s,0,0,0,0,0,-100,100,423303614,-5,89|l,0,3,0,0,0,0,0,0
play_boss_bulletbros_spawn_01|1|s,0,-2,0,0,0,0,0,246006956,-5,217,5,1|l,0,3,0,0,0,0,0,0
play_boss_cannon_dash_01|1|s,0,5,-510,0,0,-200,0,810772599,-5,217,1,1|l,0,3,0,0,0,0,0,0
play_boss_cannon_guns_01|1|s,0,-3,0,0,0,0,0,654232633,-5,89|l,0,3,0,0,0,0,0,0
play_boss_cannon_intro_01|1|s,0,0,0,0,0,0,0,654232633,-5,89|l,0,3,0,0,0,0,0,0
play_boss_cannon_stop_01|1|s,0,0,0,0,0,0,0,127998798,-5,89|l,0,3,0,0,0,0,0,0|t,0,100,0,0,0,0,0,#play_boss_licha_spinning_01
play_boss_cyborg_charge_01|1|s,0,0,0,0,0,0,0,622282107,-5,89|l,0,3,0,0,0,0,0,0
play_boss_cyborg_clap_01|1|s,0,0,0,0,0,0,0,292667991,-5,89|l,0,3,0,0,0,0,0,0
play_boss_cyborg_drop_01|1|s,0,0,0,0,0,0,0,189307575,-5,89|l,0,3,0,0,0,0,0,0
play_boss_cyborg_eagle_01|1|s,0,0,0,0,0,0,0,766554820,-5,89|l,0,3,0,0,0,0,0,0
play_boss_cyborg_storm_01|1|s,0,0,-200,0,0,0,0,848892197,-5,89|l,0,3,0,0,0,0,0,0
play_boss_cyborg_sword_01|1|s,0,0,0,0,0,0,0,486760363,-5,89|l,0,3,0,0,0,0,0,0
play_boss_doormimic_appear_01|1|s,0,0,0,0,0,0,0,348371799,-5,89|l,0,3,0,0,0,0,0,0
play_boss_doormimic_blast_01|1|s,0,-7,0,0,0,-300,100,337244143,-5,89|l,0,3,0,0,0,0,0,0
play_boss_doormimic_charge_01|1|s,0,0,0,0,0,0,0,652372056,-5,89|l,0,3,0,0,0,0,0,0
play_boss_doormimic_death_01|1|s,0,3,0,0,0,0,0,60959116,-5,89|l,0,3,0,0,0,0,0,0
play_boss_doormimic_eyes_01|1|s,0,0,0,0,0,0,0,287836758,-5,89|l,0,3,0,0,0,0,0,0
play_boss_doormimic_flame_01|4|s,0,0,0,0,0,0,0,1007287906,-5,217|s,0,0,0,0,0,0,0,206648601,-5,217|s,0,0,0,0,0,0,0,336857465,-5,217|r,0,-20,580,0,0,0,0,0:1:2|l,0,3,0,0,0,0,0,3
play_boss_doormimic_jump_01|1|s,0,0,0,0,0,0,0,490837971,-5,89|l,0,3,0,0,0,0,0,0
play_boss_doormimic_land_01|1|s,0,0,0,0,0,0,0,736454758,-5,89|l,0,3,0,0,0,0,0,0
play_boss_doormimic_lick_01|4|s,0,0,0,0,0,0,0,495315232,-5,217|s,0,0,0,0,0,0,0,833297590,-5,217|s,0,0,0,0,0,0,0,744893323,-5,217|r,0,-5,0,0,0,-100,200,0:1:2|l,0,3,0,0,0,0,0,3
play_boss_doormimic_lick_02|4|s,0,0,0,0,0,0,0,495315232,-5,217|s,0,0,0,0,0,0,0,833297590,-5,217|s,0,0,0,0,0,0,0,744893323,-5,217|r,0,-5,0,0,0,-100,200,0:1:2|l,0,3,0,0,0,0,0,3
play_boss_doormimic_turn_01|1|s,0,-2,400,0,0,0,0,958974999,-5,89|l,0,3,0,0,0,0,0,0,0,0
play_boss_doormimic_vanish_01|1|s,0,0,0,0,0,0,0,628302023,-5,89|l,0,3,0,0,0,0,0,0
play_boss_doormimic_vomit_01|1|s,0,0,0,0,0,0,0,403434637,-5,89|l,0,3,0,0,0,0,0,0
play_boss_doormimic_zap_01|4|s,0,0,0,0,0,0,0,628091140,-5,217|s,0,0,0,0,0,0,0,17713798,-5,217|s,0,0,0,0,0,0,0,574424202,-5,217|r,0,0,0,0,0,-100,100,0:1:2|l,0,3,0,0,0,0,0,3
play_boss_dragun_blade_01|1|s,0,0,0,0,0,0,0,215213119,-5,217,1,1|l,0,3,0,0,0,0,0,0
play_boss_dragun_breath_01|1|s,0,0,0,0,0,0,0,716771540,-5,217,1,1|l,0,3,0,0,0,0,0,0
play_boss_dragun_charge_01|1|s,0,2,0,0,0,0,0,279939838,-5,217|l,0,3,0,0,0,0,0,0
play_boss_dragun_explode_01|1|s,0,5,0,0,0,0,0,435122565,-2,222|l,0,3,0,0,0,0,0,0
play_boss_dragun_flap_01|4|s,0,0,0,0,0,0,0,604571299,-5,217|s,0,0,0,0,0,0,0,251787769,-5,217|s,0,0,0,0,0,0,0,19497298,-5,217|r,0,0,0,0,0,-50,50,0:1:2|l,0,3,0,0,0,0,0,3
play_boss_dragun_glocks_01|1|s,0,-2,0,0,0,0,0,551891480,-5,217|l,0,3,0,0,0,0,0,0
play_boss_dragun_gold_intro_01|1|s,0,0,0,0,0,0,0,735046233,-5,217|l,0,3,0,0,0,0,0,0
play_boss_dragun_heart_burst_01|1|s,0,5,-100,0,0,0,0,554855803,-5,217|l,0,3,0,0,0,0,0,0
play_boss_dragun_intro_01|1|s,0,0,0,0,0,0,0,246999737,-5,217|l,0,3,0,0,0,0,0,0
play_boss_dragun_rocket_01|1|s,0,0,0,0,0,0,0,1052333046,-5,217|l,0,3,0,0,0,0,0,0
play_boss_dragun_rpg_01|1|s,0,0,0,0,0,0,0,431458932,-5,217|l,0,3,0,0,0,0,0,0
play_boss_dragun_shot_01|4|s,0,0,0,0,0,0,0,37571997,-5,217|s,0,0,0,0,0,0,0,641443833,-5,217|s,0,0,0,0,0,0,0,936920815,-5,217|r,0,0,0,0,0,-100,100,0:1:2|l,0,3,0,0,0,0,0,3
play_boss_dragun_spin_01|4|s,0,0,0,0,0,0,0,649826329,-5,217|s,0,0,0,0,0,0,0,381374066,-5,217|s,0,0,0,0,0,0,0,665512464,-5,217|r,0,2,0,0,0,-100,100,0:1:2|l,0,3,0,0,0,0,0,3
play_boss_dragun_stomp_01|3|s,0,0,0,0,0,0,0,181064189,-5,217|s,0,0,0,0,0,0,0,810566974,-5,217|r,0,0,0,0,0,0,0,0:1|l,0,3,0,0,0,0,0,2
play_boss_dragun_sweep_01|1|s,0,0,0,0,0,0,0,819796635,-5,217,1,1|l,0,3,0,0,0,0,0,0
play_boss_dragun_throw_01|1|s,0,0,0,0,0,0,0,581059250,-5,217|l,0,3,0,0,0,0,0,0
play_boss_dragun_thunder_01|1|s,0,0,0,0,0,0,0,964684258,-5,89|l,0,3,0,0,0,0,0,0
play_boss_dragun_transform_01|1|s,0,-2,0,0,0,0,0,825408657,-5,89|l,0,3,0,0,0,0,0,0
play_boss_dragun_uzi_01|1|s,0,-10,0,0,0,0,0,311893000,-5,217|l,0,3,0,0,0,0,0,0
play_boss_dragun_weak_01|1|s,0,-2,0,0,0,0,0,403553964,-5,89|l,0,3,0,0,0,0,0,0
play_boss_dragungold_baby_death_01|1|s,0,-5,300,0,0,0,0,642602000,-5,89|l,0,3,0,0,0,0,0,0
play_boss_dragungold_baby_grabbed_01|1|s,0,-2,400,0,0,0,0,387997077,-5,89|l,0,3,0,0,0,0,0,0
play_boss_dragungold_crackle_01|1|s,0,-2,0,0,0,0,0,108083392,-5,89|l,0,3,0,0,0,0,0,0
play_boss_dragungold_glow_01|1|s,0,0,-630,0,0,0,0,383684370,-5,89|l,0,3,0,0,0,0,0,0
play_boss_dragungold_grenade_01|3|s,0,0,0,0,0,0,0,595571950,-5,217|s,0,0,0,0,0,0,0,650879715,-5,217|r,0,-2,0,0,0,0,100,0:1|l,0,3,0,0,0,0,0,2
play_boss_dragungold_growl_01|1|s,0,0,0,0,0,0,0,520474238,-5,217|l,0,3,0,0,0,0,0,0
play_boss_dragungold_roar_01|1|s,0,-1,100,0,0,0,0,945590090,-5,89|l,0,3,0,0,0,0,0,0
play_boss_dragungold_thunder_01|1|s,0,0,0,0,0,0,0,689680981,-5,89|l,0,3,0,0,0,0,0,0|t,0,0,0,0,0,0,0,#play_boss_dragungold_glow_01
play_boss_energy_shield_01|1|s,0,0,0,0,0,0,0,1072343033,-5,89|l,0,3,0,0,0,0,0,0
play_boss_fusebomb_attack_ball_01|1|s,0,2,0,0,0,0,0,15089384,-5,89|l,0,3,0,0,0,0,0,0
play_boss_fusebomb_attack_flame_01|1|s,0,2,150,0,0,0,0,226355230,-5,89|l,0,3,0,0,0,0,0,0
play_boss_fusebomb_attack_toys_01|1|s,0,2,0,0,0,0,0,874281881,-5,89|l,0,3,0,0,0,0,0,0
play_boss_fusebomb_intro_01|1|s,0,0,0,0,0,0,0,788862807,-5,89|l,0,3,0,0,0,0,0,0
play_boss_general_machinegun_01|4|s,0,0,0,0,0,0,0,430076920,-5,217,6,0|s,0,0,0,0,0,0,0,356604658,-5,217,6,0|s,0,0,0,0,0,0,0,294376858,-5,217,6,0|r,0,-10,0,0,0,0,0,0:1:2|l,0,3,0,0,0,0,0,3
play_boss_hatch_close_01|1|s,0,0,0,0,0,0,0,109936011,-5,89|l,0,3,0,0,0,0,0,0
play_boss_hatch_open_01|1|s,0,0,0,0,0,0,0,1054249189,-5,89|l,0,3,0,0,0,0,0,0
play_boss_hatch_squeak_01|1|s,0,0,0,0,0,0,0,420290251,-5,89|l,0,3,0,0,0,0,0,0
play_boss_helicopter_death_01|1|s,0,-11,0,0,0,0,0,978541995,-5,25|l,0,2,0,0,0,0,0,0
play_boss_helicopter_flame_01|1|s,0,2,150,0,0,0,0,868022709,-5,89|l,0,3,0,0,0,0,0,0
play_boss_helicopter_loop_01|1|s,1,-10,0,0,0,0,0,895880670,-5,89|l,0,3,0,0,0,0,0,0
play_boss_lasthuman_bombs_01|1|s,0,0,0,0,0,0,0,854780060,-5,89|l,0,3,0,0,0,0,0,0
play_boss_lasthuman_poison_01|1|s,0,0,0,0,0,0,0,307855270,-5,89|l,0,3,0,0,0,0,0,0
play_boss_lasthuman_torch_01|1|s,0,-11,150,0,0,0,0,438014308,-5,89|l,0,3,0,0,0,0,0,0
play_boss_lasthuman_volley_01|1|s,0,0,0,0,0,0,0,1009883607,-5,89|l,0,3,0,0,0,0,0,0
play_boss_licha_crack_01|1|s,0,2,0,0,0,0,0,691176276,-5,89|l,0,3,0,0,0,0,0,0
play_boss_licha_flame_01|1|s,0,0,0,0,0,0,0,201095483,-5,89|l,0,3,0,0,0,0,0,0
play_boss_licha_gatling_01|1|s,0,-8,0,0,0,0,0,893275652,-5,89|l,0,3,0,0,0,0,0,0
play_boss_licha_intro_01|1|s,0,5,0,0,0,0,0,969413004,-5,89|l,0,3,0,0,0,0,0,0
play_boss_licha_spinning_01|1|s,0,0,100,0,0,0,0,452585227,-5,89|l,0,3,0,0,0,0,0,0
play_boss_licha_stop_01|1|s,0,0,0,0,0,0,0,322957731,-5,89|l,0,3,0,0,0,0,0,0|t,0,1000,0,0,0,0,0,#play_boss_licha_spinning_01|t,0,1000,0,0,0,0,0,#play_boss_licha_gatling_01
play_boss_licha_turn_01|1|s,0,0,0,0,0,0,0,563716136,-5,89|l,0,3,0,0,0,0,0,0
play_boss_licha_twirl_01|1|s,0,0,0,0,0,0,0,844220091,-5,89|l,0,3,0,0,0,0,0,0
play_boss_lichb_charge_01|4|s,0,0,0,0,0,0,0,458141433,-5,217|s,0,0,0,0,0,0,0,689830186,-5,217|s,0,0,0,0,0,0,0,208845830,-5,217|r,0,0,200,0,0,-200,0,0:1:2|l,0,3,0,0,0,0,0,3
play_boss_lichb_explode_01|1|s,0,0,-180,0,0,0,0,645980616,-5,153|l,0,1,0,0,0,0,0,0
play_boss_lichb_grab_01|1|s,0,0,0,0,0,0,0,220633574,-5,89|l,0,3,0,0,0,0,0,0
play_boss_lichb_intro_01|1|s,0,2,0,0,0,0,0,951888290,-5,89|l,0,3,0,0,0,0,0,0
play_boss_lichb_spew_01|1|s,0,2,-200,0,0,0,0,236081083,-5,217|l,0,3,0,0,0,0,0,0
play_boss_lichc_circle_01|1|s,0,-8,0,0,0,0,0,525646940,-5,89|l,0,3,0,0,0,0,0,0
play_boss_lichc_fall_01|1|s,0,0,-100,0,0,0,0,751840224,-5,89|l,0,3,0,0,0,0,0,0
play_boss_lichc_gatling_01|1|s,0,0,0,0,0,0,0,755304607,-5,89|l,0,3,0,0,0,0,0,0
play_boss_lichc_hook_01|4|s,0,0,0,0,0,0,0,271177222,-5,217,5,0|s,0,0,0,0,0,0,0,966795323,-5,217,5,0|s,0,0,0,0,0,0,0,346068392,-5,217,5,0|r,0,-3,-380,0,0,-50,100,0:1:2|l,0,3,0,0,0,0,0,3
play_boss_lichc_intro_01|1|s,0,1,-100,0,0,0,0,324461987,-5,89|l,0,3,0,0,0,0,0,0
play_boss_lichc_morph_01|1|s,0,0,-200,0,0,-100,100,427883381,-5,89|l,0,3,0,0,0,0,0,0
play_boss_lichc_swing_01|4|s,0,0,0,0,0,0,0,347875699,-5,217|s,0,0,0,0,0,0,0,845271509,-5,217|s,0,0,0,0,0,0,0,236940102,-5,217|r,0,0,-100,0,0,-100,100,0:1:2|l,0,3,0,0,0,0,0,3
play_boss_lichc_zap_01|4|s,0,0,0,0,0,0,0,947123552,-5,217|s,0,0,0,0,0,0,0,321049617,-5,217|s,0,0,0,0,0,0,0,695587297,-5,217|r,0,-3,250,0,0,-100,0,0:1:2|l,0,3,0,0,0,0,0,3
play_boss_mineflayer_belldrop_01|1|s,0,-2,0,0,0,0,0,216465915,-5,89,1,1|l,0,3,0,0,0,0,0,0
play_boss_mineflayer_bellshot_01|1|s,0,2,0,0,0,0,0,694571562,-5,89|l,0,3,0,0,0,0,0,0
play_boss_mineflayer_bong_01|1|s,0,0,0,0,0,0,0,1068224750,-5,89|l,0,3,0,0,0,0,0,0
play_boss_mineflayer_cute_01|1|s,0,0,0,0,0,0,0,186287012,-5,89,1,1|l,0,3,0,0,0,0,0,0
play_boss_mineflayer_darken_01|1|s,0,3,-330,0,0,0,0,663340328,-5,217|l,0,3,0,0,0,0,0,0
play_boss_mineflayer_jingle_01|1|s,0,0,0,0,0,0,0,396348544,-5,89|l,0,3,0,0,0,0,0,0
play_boss_mineflayer_ring_01|1|s,0,0,0,0,0,0,0,542120622,-5,89|l,0,3,0,0,0,0,0,0
play_boss_mineflayer_trigger_01|1|s,0,2,0,0,0,0,0,843493218,-5,89|l,0,3,0,0,0,0,0,0
play_boss_mob_glocks_01|1|s,0,-4,300,0,0,0,0,551891480,-5,217|l,0,3,0,0,0,0,0,0
play_boss_oldking_suck_01|1|s,0,4,200,0,0,0,0,225849695,-5,89|l,0,3,0,0,0,0,0,0
play_boss_omegabeam_charge_01|1|s,0,0,0,0,0,0,0,976306670,-5,217,1,1|l,0,-9,-200,0,0,0,0,0
play_boss_omegabeam_fade_01|1|s,0,0,530,0,0,-100,200,147076037,-5,89,4,0|l,0,3,0,0,0,0,0,0|t,0,500,0,0,0,0,0,play_boss_omegabeam_charge_01;play_boss_omegabeam_shot_01
play_boss_omegabeam_shot_01|4|s,0,2,0,0,0,0,0,678367208,-5,89,1,0|s,0,0,0,0,0,0,0,976306670,-5,217,1,1|s,2,6,0,0,0,0,0,683409781,-5,89,1,1|l,0,-12,-200,0,0,0,0,0:1:2|l,0,3,0,0,0,0,0,3
play_boss_punchout_punch_block_01|1|s,0,0,0,0,0,-200,0,550172513,-5,89|l,0,3,0,0,0,0,0,0
play_boss_punchout_punch_hit_01|1|s,0,0,0,0,0,-200,200,473239432,-5,89|l,0,3,0,0,0,0,0,0
play_boss_punchout_punch_ko_01|1|s,0,3,200,0,0,0,0,745800805,-5,89|l,0,3,0,0,0,0,0,0|t,0,50,0,0,0,0,0,@sfx
play_boss_punchout_swing_left_01|1|s,0,-11,0,0,0,0,100,33425681,-5,89|l,0,3,0,0,0,0,0,0
play_boss_punchout_swing_right_01|1|s,0,-10,0,0,0,0,100,62102311,-5,89|l,0,3,0,0,0,0,0,0
play_boss_queenship_emerge_01|1|s,0,2,-300,0,0,0,0,492146816,-5,89|l,0,3,0,0,0,0,0,0
play_boss_queenship_explode_01|1|s,0,5,0,0,0,0,0,1016062551,-5,89|l,0,3,0,0,0,0,0,0|t,0,500,0,0,0,0,0,play_enm_death
play_boss_rat_cheese_burst_01|1|s,0,0,0,0,0,0,0,390086835,-5,89|l,0,3,0,0,0,0,0,0
play_boss_rat_cheese_burst_02|1|s,0,0,0,0,0,0,0,405659571,-5,89|l,0,3,0,0,0,0,0,0
play_boss_rat_cheese_jump_01|1|s,0,0,0,0,0,0,0,1011179095,-5,89|l,0,3,0,0,0,0,0,0|t,0,400,0,0,0,0,0,play_boss_rat_cheese_summon_01
play_boss_rat_cheese_summon_01|1|s,0,1,0,0,0,0,0,742720647,-5,89,1,1|l,0,3,0,0,0,0,0,0
play_boss_rat_intro_chuckle_01|1|s,0,0,0,0,0,0,0,397961168,-5,89|l,0,3,0,0,0,0,0,0
play_boss_rat_kunai_prep_01|1|s,0,0,-150,0,0,0,100,825418255,-5,217|l,0,3,0,0,0,0,0,0
play_boss_rat_tail_spin_01|1|s,0,1,0,0,0,-150,0,153379377,-5,89|l,0,3,0,0,0,0,0,0
play_boss_rat_tail_whip_01|1|s,0,2,-280,0,0,0,200,246942497,-5,89,1,1|l,0,3,0,0,0,0,0,0|t,0,100,0,0,0,0,0,play_boss_rat_tail_spin_01
play_boss_rat_trap_prep_01|1|s,0,2,0,0,0,0,200,125794570,-5,89|l,0,3,0,0,0,0,0,0
play_boss_rat_trap_snap_01|1|s,0,0,0,0,0,-50,50,603049134,-5,89|l,0,3,0,0,0,0,0,0
play_boss_ratmech_ambience_01|1|s,1,-32,0,0,0,0,0,440857666,-5,89|l,0,3,0,0,0,0,0,0
play_boss_ratmech_barrel_01|1|s,0,0,0,0,0,-100,0,438418581,-5,89|l,0,3,0,0,0,0,0,0
play_boss_ratmech_bomb_01|1|s,0,-15,0,0,0,0,0,964618976,-5,89,1,1|l,0,3,0,0,0,0,0,0
play_boss_ratmech_cannon_01|1|s,0,0,0,0,0,0,0,505167450,-5,89|l,0,3,0,0,0,0,0,0
play_boss_ratmech_eye_01|1|s,0,0,0,0,0,0,0,998804474,-5,89|l,0,3,0,0,0,0,0,0
play_boss_ratmech_hop_01|1|s,0,0,0,0,0,0,0,796901994,-5,89|l,0,3,0,0,0,0,0,0
play_boss_ratmech_kneel_01|1|s,0,-3,0,0,0,0,0,970749258,-5,89|l,0,3,0,0,0,0,0,0
play_boss_ratmech_lights_01|1|s,0,-2,0,0,0,0,0,619599071,-5,89|l,0,3,0,0,0,0,0,0
play_boss_ratmech_missile_01|1|s,0,-10,0,-5,0,-200,300,255102560,-5,89|l,0,3,0,0,0,0,0,0
play_boss_ratmech_roar_01|1|s,0,-2,0,0,0,0,0,998726221,-5,89|l,0,3,0,0,0,0,0,0|t,0,2000,0,0,0,0,0,play_boss_ratmech_ambience_01
play_boss_ratmech_roar_02|1|s,0,-10,100,0,0,0,0,998726221,-5,89|l,0,3,0,0,0,0,0,0
play_boss_ratmech_shutter_01|1|s,0,0,0,0,0,0,0,253234789,-5,89|l,0,3,0,0,0,0,0,0
play_boss_ratmech_squat_01|1|s,0,0,0,0,0,0,0,837528628,-5,89|l,0,3,0,0,0,0,0,0
play_boss_ratmech_stand_01|1|s,0,-5,0,0,0,0,0,557339096,-5,89|l,0,3,0,0,0,0,0,0
play_boss_ratmech_stomp_01|1|s,0,0,0,0,0,0,0,263754134,-5,89|l,0,3,0,0,0,0,0,0
play_boss_ratmech_target_01|1|s,0,0,0,0,0,0,0,983236073,-5,89|l,0,3,0,0,0,0,0,0
play_boss_ratmech_whistle_01|1|s,0,0,0,0,0,0,0,967032482,-5,89|l,0,3,0,0,0,0,0,0
play_boss_ratmech_wizard_cast_01|1|s,0,0,0,0,0,0,0,576862686,-5,89|l,0,3,0,0,0,0,0,0
play_boss_ratmech_wizard_death_01|1|s,0,0,0,0,0,0,0,436661869,-5,89|l,0,3,0,0,0,0,0,0
play_boss_ratmech_wizard_kick_01|1|s,0,0,0,0,0,0,0,783915241,-5,89|l,0,3,0,0,0,0,0,0
play_boss_ratmech_wizard_out_01|1|s,0,0,0,0,0,0,0,707423981,-5,89|l,0,3,0,0,0,0,0,0
play_boss_ratmech_wizard_spell_01|1|s,1,-10,-100,0,0,0,0,635492703,-5,89|l,0,3,0,0,0,0,0,0
play_boss_ratpunchout_arm_01|1|s,0,0,0,0,0,-200,0,849534071,-5,89|l,0,3,0,0,0,0,0,0
play_boss_ratpunchout_cheese_01|1|s,0,0,0,0,0,0,0,95590691,-5,89|l,0,3,0,0,0,0,0,0
play_boss_ratpunchout_flash_01|1|s,0,0,200,0,0,0,0,654950567,-5,89|l,0,3,0,0,0,0,0,0
play_boss_ratpunchout_lash_01|1|s,0,0,0,0,0,0,0,925137317,-5,89|l,0,3,0,0,0,0,0,0
play_boss_ratpunchout_munch_01|1|s,0,0,0,0,0,0,0,898700541,-5,89|l,0,3,0,0,0,0,0,0
play_boss_ratpunchout_player_charge_01|1|s,0,0,0,0,0,0,0,400759791,-5,89|l,0,3,0,0,0,0,0,0
play_boss_ratpunchout_player_dodge_01|1|s,0,-5,0,0,0,-100,100,253966419,-5,89|l,0,3,0,0,0,0,0,0
play_boss_ratpunchout_prep_01|1|s,0,0,0,0,0,0,0,518904689,-5,89|l,0,3,0,0,0,0,0,0
play_boss_ratpunchout_revive_01|1|s,0,0,0,0,0,0,0,383684370,-5,89|l,0,3,0,0,0,0,0,0
play_boss_rival_shield_01|1|s,0,0,50,0,0,0,0,564486423,-5,89|l,0,3,0,0,0,0,0,0
play_boss_space_zap_01|1|s,0,-21,-280,0,0,-200,200,331170046,-5,89|l,0,3,0,0,0,0,0,0
play_boss_spacebaby_arrive_01|1|s,0,0,0,0,0,-100,200,641169710,-5,89|l,0,3,0,0,0,0,0,0
play_boss_spacebaby_brainwave_01|1|s,0,-1,0,0,0,-200,200,985195985,-5,89,1,1|l,0,3,0,0,0,0,0,0
play_boss_spacebaby_charge_01|1|s,0,0,0,0,0,0,0,49164694,-5,89|l,0,3,0,0,0,0,0,0
play_boss_spacebaby_explode_01|1|s,0,3,0,0,0,0,0,1010101181,-5,89|l,0,3,0,0,0,0,0,0|t,0,0,0,0,0,0,0,#play_boss_dragungold_glow_01
play_boss_spacebaby_intro_01|1|s,0,1,0,0,0,0,0,551830222,-5,89|l,0,3,0,0,0,0,0,0
play_boss_spacebaby_vomit_01|1|s,0,-4,-180,0,0,-100,100,1048288586,-5,89|l,0,3,0,0,0,0,0,0
play_boss_tank_bullet_01|1|s,0,0,-100,0,0,-100,300,411246026,-5,89|l,0,3,0,0,0,0,0,0
play_boss_tank_death_01|1|s,0,3,100,0,0,0,0,724350617,-5,153|l,0,2,0,0,0,0,0,0|t,0,1000,0,0,0,0,0,@obj
play_boss_tank_grenade_01|1|s,0,2,0,0,0,-200,0,604142258,-5,89|l,0,3,0,0,0,0,0,0
play_boss_tank_idle_01|1|s,1,0,0,0,0,0,0,970085444,-5,89,1,1|l,0,3,0,0,0,0,0,0
play_boss_tank_move_01|1|s,1,0,0,0,0,0,0,241801920,-5,89,1,1|l,0,3,0,0,0,0,0,0
play_boss_tank_move_02|1|s,1,0,0,0,0,0,0,241801920,-5,89,1,1|l,0,3,0,0,0,0,0,0
play_boss_tank_shot_01|4|s,0,0,0,0,0,0,0,982487687,-5,89|s,0,0,0,0,0,0,0,334796777,-5,89|s,0,0,0,0,0,0,0,912662266,-5,89|r,0,0,0,0,0,0,0,0:1:2|l,0,3,0,0,0,0,0,3
play_boss_wall_slam_01|4|s,0,0,0,0,0,0,0,921739974,-5,89|s,0,0,0,0,0,0,0,1018083213,-5,89|s,0,0,0,0,0,0,0,914299917,-5,89|r,0,5,-250,0,0,-200,200,0:1:2|l,0,3,0,0,0,0,0,3
play_chr_agunim_voice_01|1|s,0,0,150,0,0,-400,100,450781852,-5,9,2,1|l,0,-1,0,0,0,0,0,0
play_chr_alien_voice_01|1|s,0,-18,0,-2,2,-200,100,527872454,-5,9,3,1|l,0,-1,0,0,0,0,0,0
play_chr_barefoot_stairs_01|0|s,0,-20,0,0,0,0,0,118381548,-5,25
play_chr_boot_stairs_01|0|s,0,-20,0,0,0,0,0,263225487,-5,25
play_chr_bower_voice_01|1|s,0,0,-760,0,0,-400,400,594830284,-5,9,2,1|l,0,-1,0,0,0,0,0,0
play_chr_brat_voice_01|1|s,0,-12,-810,0,0,-200,100,288986085,-5,9,2,1|l,0,-1,0,0,0,0,0,0
play_chr_bug_voice_01|1|s,0,-12,1390,0,0,-400,400,594830284,-5,9,2,1|l,0,-1,0,0,0,0,0,0
play_chr_bullet_stairs_01|0|s,0,-20,0,0,0,0,0,543446802,-5,25
play_chr_computer_voice_01|1|s,0,-26,-200,0,0,-300,300,351450313,-5,9,1,0|l,0,-1,0,0,0,0,0,0
play_chr_convict_voice_01|1|s,0,0,-880,0,0,-400,0,416549648,-5,9,2,1|l,0,-1,0,0,0,0,0,0
play_chr_coop_voice_01|1|s,0,-10,930,0,0,-400,100,594830284,-5,9,2,1|l,0,-1,0,0,0,0,0,0
play_chr_dice_voice_01|1|s,0,-14,-1040,-3,2,-300,300,829132442,-5,9,2,1|l,0,-1,0,0,0,0,0,0
play_chr_dodge_leap_01|3|s,0,0,0,0,0,0,0,336364124,-5,25|s,0,0,0,0,0,0,0,878314605,-5,25|s,0,0,0,0,0,0,0,952830574,-5,25|r,0,-9,0,0,0,0,0,0:1:2
play_chr_fall_land_01|3|s,0,0,0,0,0,0,0,265944561,-5,25|s,0,0,0,0,0,0,0,851858114,-5,25|s,0,0,0,0,0,0,0,721653017,-5,25|r,0,-10,300,0,0,-100,100,0:1:2
play_chr_fall_respawn_01|0|s,0,-6,0,0,0,0,0,416118625,-5,25
play_chr_female_voice_01|1|s,0,-15,230,0,0,-350,200,416549648,-5,9,2,1|l,0,-1,0,0,0,0,0,0
play_chr_final_splash_01|0|s,0,-15,300,0,0,0,0,183922714,-5,137
play_chr_fool_voice_01|1|s,0,0,-100,0,0,-400,400,594830284,-5,9,2,1|l,0,-1,0,0,0,0,0,0
play_chr_forever_fall_01|0|s,0,-11,0,0,0,0,0,21059927,-5,9
play_chr_frump_voice_01|1|s,0,0,0,0,0,-400,0,897637978,-5,9,2,1|l,0,-1,0,0,0,0,0,0
play_chr_gambler_voice_01|1|s,0,-9,730,0,0,-400,100,450781852,-5,9,2,1|l,0,-1,0,0,0,0,0,0
play_chr_general_death_01|1|s,0,-1,0,0,0,0,0,142510994,-5,217,2,0|l,0,3,0,0,0,0,0,0
play_chr_general_death_02|1|s,0,-10,200,0,0,0,0,142510994,-5,217,2,0|l,0,3,0,0,0,0,0,0
play_chr_general_hurt_01|1|s,0,-19,-500,0,0,-400,400,349121684,-5,217|l,0,3,0,0,0,0,0,0
play_chr_ghost_appear_01|1|s,0,0,-100,0,0,-100,100,33138535,-5,25|l,0,1,0,0,0,0,0,0
play_chr_golem_voice_01|1|s,0,4,0,-4,0,0,200,1009659689,-5,9,7,1|l,0,-1,0,0,0,0,0,0
play_chr_goofy_voice_01|1|s,0,-18,-200,0,0,-200,100,881154967,-5,9,2,1|l,0,-1,0,0,0,0,0,0
play_chr_gunslingking_voice_01|3|s,0,0,-100,0,0,-350,100,416549648,-5,9,2,1|s,0,1,-900,0,0,-300,300,425983408,-5,9,2,1|r,0,-18,-100,0,0,-600,600,0:1|l,0,-1,0,0,0,0,0,2
play_chr_jolly_voice_01|1|s,0,-5,0,0,0,-400,500,922765033,-5,9,2,1|l,0,-1,0,0,0,0,0,0
play_chr_lady_voice_01|1|s,0,-15,230,0,0,-100,400,923615826,-5,9,2,1|l,0,-1,0,0,0,0,0,0
play_chr_mainframe_voice_01|1|s,0,-3,860,-4,0,0,200,1009659689,-5,9,7,1|l,0,-1,0,0,0,0,0,0
play_chr_major_damage_01|1|s,0,-9,0,0,0,0,0,142510994,-5,217,2,0|l,0,3,0,0,0,0,0,0
play_chr_male_voice_01|1|s,0,-19,-810,0,0,-300,9,425983408,-5,9,2,1|l,0,-1,0,0,0,0,0,0
play_chr_manly_voice_01|1|s,0,0,-1620,0,0,-300,0,470983905,-5,9,2,1|l,0,-1,0,0,0,0,0,0
play_chr_muncher_chew_01|0|s,0,-1,0,0,0,0,0,497258549,-5,25
play_chr_muncher_eat_01|0|s,0,-3,0,0,0,0,0,628434618,-5,25
play_chr_ninja_dash_01|3|s,0,0,0,0,0,0,0,63173118,-5,25|s,0,0,0,0,0,0,0,690431231,-5,25|s,0,0,0,0,0,0,0,549031817,-5,25|r,0,-8,200,0,0,0,0,0:1:2
play_chr_oldman_voice_01|1|s,0,-21,-230,0,0,-200,200,174587812,-5,9,1,1|l,0,-1,0,0,0,0,0,0
play_chr_owl_voice_01|1|s,0,-20,-400,0,0,-350,200,520615031,-5,9,2,1|l,0,-1,0,0,0,0,0,0
play_chr_rat_voice_01|1|s,0,0,1570,0,0,-400,100,651434057,-5,9,2,1|l,0,-1,0,0,0,0,0,0
play_chr_ratboss_voice_01|1|s,0,0,1620,0,0,-400,100,651434057,-5,9,2,1|l,0,-1,0,0,0,0,0,0
play_chr_robot_stairs_01|0|s,0,-20,0,0,0,0,0,905097542,-5,25
play_chr_robot_voice_01|1|s,0,-17,-800,0,0,-100,100,952349483,-5,9,1,1|l,0,-1,0,0,0,0,0,0
play_chr_shadow_curse_01|1|s,0,-9,200,0,0,0,0,655746908,-5,25|l,0,-4,0,0,0,0,0,0
play_chr_shopkeep_voice_01|1|s,0,-8,100,0,0,-200,200,124520747,-5,9,2,1|l,0,-1,0,0,0,0,0,0
play_chr_spacerogue_voice_01|1|s,0,-15,-1160,0,0,-300,300,153413894,-5,9|l,0,-1,0,0,0,0,0,0
play_chr_teen_voice_01|1|s,0,-7,-1590,0,0,-100,300,442315488,-5,9,2,1|l,0,-1,0,0,0,0,0,0
play_chr_truthknower_vanish_01|0|s,0,-6,-100,0,0,0,0,348360815,-5,25
play_chr_truthknower_voice_01|1|s,0,-15,0,-3,2,-300,300,829132442,-5,9,2,1|l,0,-1,0,0,0,0,0,0
play_chr_tutorialknight_voice_01|1|s,0,-15,-1160,0,0,-300,300,153413894,-5,9|l,0,-1,0,0,0,0,0,0
play_chr_vampire_voice_01|1|s,0,-19,-230,0,0,-350,200,416549648,-5,9,3,0|l,0,-1,0,0,0,0,0,0
play_chr_weapon_charged_01|1|s,0,10,100,0,0,-50,50,985152601,-5,9,1,0|l,0,2,0,0,0,0,0,0
play_chr_witch1_voice_01|1|s,0,-22,0,0,0,-200,200,174587812,-5,9,1,1|l,0,-1,0,0,0,0,0,0
play_chr_witch2_voice_01|1|s,0,-19,500,0,0,-200,200,174587812,-5,9,1,1|l,0,-1,0,0,0,0,0,0
play_chr_witch3_voice_01|1|s,0,-20,900,0,0,-200,200,174587812,-5,9,2,1|l,0,-1,0,0,0,0,0,0
play_enm_amulet_conjure_01|1|s,0,1,0,0,0,0,0,857945042,-5,217|l,0,3,0,0,0,0,0,0
play_enm_beholster_charging_01|1|s,0,2,100,0,0,0,0,1006757692,-5,25|l,0,1,0,0,0,0,0,0
play_enm_beholster_death_01|1|s,0,-1,0,0,0,0,0,2848215,-5,25|l,0,1,0,0,0,0,0,0,0,0|t,0,0,0,0,0,0,0,play_enm_beholster_charging_01|t,0,100,0,0,0,0,0,play_enm_hurt|t,0,200,0,0,0,0,0,~play_wpn_blackhole_charge_04;play_wpn_blackhole_shot_05;play_wpn_bountyhunterarm_charge_03;play_wpn_cerebralbore_loop_01;play_wpn_dawnhammer_loop_01;play_wpn_demonhead_shot_01;play_wpn_energycannon_shot_01;play_wpn_fossilgun_shot_01;play_wpn_guitar_shot_01;play_wpn_gun_charge_01;play_wpn_gun_charge_02;play_wpn_gun_charge_03;play_wpn_gun_charge_04;play_wpn_gun_shot_01;play_wpn_gun_shot_05;play_wpn_guzheng_loop_01;play_wpn_life_orb_shot_01;play_wpn_megablaster_charge_01;play_wpn_missile_loop_01;play_wpn_moonscraperlaser_shot_01;play_wpn_radiationlaser_shot_01;play_wpn_raidenlaser_shot_01;play_wpn_screechgun_shot_01;play_wpn_seriouscannon_charge_01;play_wpn_seriouscannon_scream_01;play_wpn_superdowser_shot_01;play_wpn_syringe_shot_01;play_wpn_tachyon_loop_01;play_wpn_unicornhornii_shot_01
play_enm_beholster_intro_01|1|s,0,2,0,0,0,0,0,970897573,-5,25|l,0,1,0,0,0,0,0,0
play_enm_beholster_melt_01|1|s,0,2,0,0,0,0,0,556484917,-5,217|l,0,3,0,0,0,0,0,0
play_enm_beholster_teleport_01|1|s,0,2,200,0,0,0,0,603485253,-5,217|l,0,3,0,0,0,0,0,0
play_enm_beholster_teleport_02|1|s,0,5,200,0,0,0,0,277153743,-5,217|l,0,3,0,0,0,0,0,0
play_enm_bigshroom_cloud_01|1|s,0,0,0,0,0,0,0,565461820,-5,217|l,0,3,0,0,0,0,0,0
play_enm_bigshroom_jump_01|1|s,0,0,0,0,0,0,0,848448164,-5,217|l,0,3,0,0,0,0,0,0
play_enm_bigshroom_roar_01|1|s,0,2,0,0,0,0,0,1000018439,-5,217|l,0,3,0,0,0,0,0,0
play_enm_bird_egg_01|1|s,0,0,0,0,0,-100,100,605520751,-5,217|l,0,3,0,0,0,0,0,0
play_enm_blobulord_bubble_01|4|s,0,0,0,0,0,0,0,739001785,-5,217|s,0,0,0,0,0,0,0,762625147,-5,217|s,0,0,0,0,0,0,0,873639540,-5,217|r,0,0,-100,0,0,0,100,0:1:2|l,0,3,0,0,0,0,0,3
play_enm_blobulord_charge_01|1|s,0,0,0,0,0,0,0,897158606,-5,217|l,0,3,0,0,0,0,0,0
play_enm_blobulord_death_01|1|s,0,-5,0,0,0,0,0,714496373,-5,217,1,1|l,0,3,0,0,0,0,0,0
play_enm_blobulord_intro_01|1|s,0,0,0,0,0,0,0,1049153554,-5,217|l,0,3,0,0,0,0,0,0
play_enm_blobulord_leap_01|1|s,0,0,0,0,0,0,0,1374281,-5,217|l,0,3,0,0,0,0,0,0
play_enm_blobulord_reform_01|1|s,0,0,0,0,0,0,0,731085635,-5,217|l,0,3,0,0,0,0,0,0
play_enm_blobulord_splash_01|1|s,0,0,0,0,0,0,0,217260458,-5,217|l,0,3,0,0,0,0,0,0
play_enm_blobulord_stream_01|1|s,0,-4,0,0,0,-100,200,553412629,-5,217|l,0,3,0,0,0,0,0,0
play_enm_bombshee_scream_01|1|s,0,-10,-50,0,0,-100,0,2354706,-5,89|l,0,3,0,0,0,0,0,0
play_enm_book_blast_01|1|s,0,-5,0,0,0,-200,0,651029176,-5,217|l,0,3,0,0,0,0,0,0
play_enm_book_charge_01|1|s,0,7,-200,0,0,-100,100,627735963,-5,217|l,0,3,0,0,0,0,0,0
play_enm_bullat_charge_01|1|s,0,0,0,0,0,-200,100,455606347,-5,217|l,0,3,0,0,0,0,0,0
play_enm_bullat_tackle_01|1|s,0,0,0,0,0,-200,100,596333441,-5,217|l,0,3,0,0,0,0,0,0
play_enm_bullet_dash_01|1|s,0,2,0,0,0,-200,200,78029679,-5,217|l,0,3,0,0,0,0,0,0
play_enm_bullet_fistbump_01|1|s,0,-4,0,0,0,0,0,109318232,-5,217|l,0,3,0,0,0,0,0,0,0,0
play_enm_bulletking_charge_01|1|s,0,0,0,0,0,0,0,752590670,-5,217|l,0,3,0,0,0,0,0,0
play_enm_bulletking_explode_01|1|s,0,-8,0,0,0,0,0,400352501,-5,217|l,0,3,0,0,0,0,0,0|t,0,0,0,0,0,0,0,play_enm_bulletking_spin_01
play_enm_bulletking_shot_01|8|s,0,3,0,0,0,0,0,1005030915,-5,217|r,0,-3,-500,0,0,-100,100,0|l,0,3,0,0,0,0,0,1|s,0,0,0,0,0,0,0,567209475,-5,25|s,0,0,0,0,0,0,0,186286468,-5,25|s,0,0,0,0,0,0,0,195424117,-5,25|r,0,3,0,0,0,0,0,3:4:5|l,0,2,0,0,0,0,0,6|l,0,0,0,0,0,0,0,2:7
play_enm_bulletking_skull_01|1|s,0,-8,100,0,0,-500,200,858853748,-5,217|l,0,3,0,0,0,0,0,0
play_enm_bulletking_slam_01|6|s,0,4,0,0,0,-100,200,442249891,-5,217|s,0,0,0,0,0,0,0,11907198,-5,217|s,0,0,0,0,0,0,0,298948865,-5,217|s,0,0,0,0,0,0,0,1042100353,-5,217|r,0,0,0,0,0,0,0,1:2:3|l,0,-1,0,0,0,0,0,0:4|l,0,3,0,0,0,0,0,5
play_enm_bulletking_spin_01|1|s,0,1,0,0,0,0,0,380860716,-5,217|l,0,3,0,0,0,0,0,0
play_enm_bulletking_throw_01|1|s,0,0,-100,0,0,0,0,741124144,-5,217|l,0,3,0,0,0,0,0,0
play_enm_bulletking_wine_01|1|s,0,2,0,0,0,0,0,84553141,-5,217|l,0,3,0,0,0,0,0,0
play_enm_cannonarmor_blast_01|1|s,0,0,0,0,0,-100,100,139388372,-5,89|l,0,3,0,0,0,0,0,0
play_enm_cannonarmor_charge_01|1|s,0,0,0,0,0,-150,100,109496756,-5,89|l,0,3,0,0,0,0,0,0
play_enm_cannonball_blast_01|5|s,0,0,0,0,0,0,0,1061297494,-5,217,2,0|s,0,0,0,0,0,0,0,153033391,-5,217,2,0|s,0,0,0,0,0,0,0,772558135,-5,217,2,0|s,0,0,0,0,0,0,0,285213234,-5,217,2,0|r,0,0,200,0,0,0,200,0:1:2:3|l,0,3,0,0,0,0,0,4
play_enm_cannonball_burst_01|1|s,0,0,0,0,0,0,0,565158248,-5,217|l,0,3,0,0,0,0,0,0
play_enm_cannonball_explode_01|1|s,0,-10,0,0,0,0,0,115353350,-5,217,1,1|l,0,3,0,0,0,0,0,0
play_enm_cannonball_eyes_01|1|s,0,0,0,0,0,0,0,154249491,-5,217|l,0,3,0,0,0,0,0,0
play_enm_cannonball_intro_01|1|s,0,-6,0,0,0,0,0,734555882,-5,217|l,0,3,0,0,0,0,0,0
play_enm_cannonball_launch_01|1|s,0,-5,-100,0,0,0,0,92113204,-5,217|l,0,3,0,0,0,0,0,0
play_enm_cannonball_roll_01|1|s,0,-5,0,0,0,0,0,612324258,-5,217|l,0,3,0,0,0,0,0,0
play_enm_cannonball_spray_01|1|s,0,0,-100,0,0,-100,0,567947648,-5,217|l,0,3,0,0,0,0,0,0
play_enm_cannonball_whips_01|1|s,0,0,-100,0,0,0,0,259077457,-5,217|l,0,3,0,0,0,0,0,0
play_enm_chain_shot_01|1|s,0,0,0,0,0,-100,100,578216972,-5,89|l,0,3,0,0,0,0,0,0
play_enm_chainknight_prep_01|1|s,0,0,0,0,0,-100,100,67273168,-5,89|l,0,3,0,0,0,0,0,0
play_enm_chainknight_swing_01|1|s,0,-2,0,-4,0,-50,50,366493896,-5,89|l,0,3,0,0,0,0,0,0
play_enm_chancebullet_box_01|1|s,0,0,0,0,0,0,0,326627513,-5,89|l,0,3,0,0,0,0,0,0
play_enm_chancebullet_burst_01|1|s,0,4,0,0,0,0,0,762791871,-5,89|l,0,3,0,0,0,0,0,0
play_enm_chancebullet_cry_01|1|s,0,-10,400,0,0,0,0,332422054,-5,153|l,0,2,0,0,0,0,0,0
play_enm_chancebulon_cry_01|1|s,0,-2,560,0,0,-100,100,255072376,-5,89|l,0,3,0,0,0,0,0,0
play_enm_creecher_burst_01|1|s,0,0,0,0,0,0,0,146665021,-5,217|l,0,3,0,0,0,0,0,0
play_enm_creecher_charge_01|1|s,0,0,0,0,0,-100,100,410374969,-5,217|l,0,3,0,0,0,0,0,0
play_enm_creecher_peel_01|1|s,0,0,0,0,0,-100,100,65483579,-5,217|l,0,3,0,0,0,0,0,0
play_enm_critter_poof_01|1|s,0,-8,-250,0,0,-50,50,438073597,-5,89|l,0,3,0,0,0,0,0,0
play_enm_cube_dash_01|1|s,0,-5,200,0,0,0,200,348990732,-5,217|l,0,3,0,0,0,0,0,0
play_enm_cult_charge_01|1|s,0,1,150,0,0,-100,0,223763631,-5,89|l,0,3,0,0,0,0,0,0
play_enm_cult_spew_01|3|s,0,0,0,0,0,0,0,567102074,-5,217|s,0,0,0,0,0,0,0,409921293,-5,217|r,0,1,0,0,0,-100,0,0:1|l,0,3,0,0,0,0,0,2
play_enm_darken_world_01|1|s,0,-4,0,0,0,0,0,557741018,-5,217|l,0,3,0,0,0,0,0,0
play_enm_death|98|s,0,0,0,0,0,0,0,769304459,-5,153|s,0,5,0,0,0,0,0,346437373,-5,153|r,0,-3,0,0,0,-100,100,0:1|s,0,0,0,0,0,0,0,49322545,-5,153|s,0,-3,0,0,0,0,0,214982198,-5,153|r,0,4,200,0,0,-50,50,3:4|s,0,5,0,0,0,0,0,117900130,-5,25|s,0,0,0,0,0,0,0,698508506,-5,25|r,0,3,500,0,0,0,0,6:7|s,0,0,0,0,0,0,0,710128017,-5,25|s,0,0,0,0,0,0,0,908585631,-5,25|r,0,0,500,0,0,-200,200,9:10|s,0,0,0,0,0,0,0,590853302,-5,25|s,0,0,0,0,0,0,0,435439457,-5,25|r,0,-8,600,0,0,0,0,12:13|s,0,-7,100,0,0,-200,200,680941260,-5,25|s,0,2,0,0,0,0,0,81285465,-5,25|s,0,0,0,0,0,0,0,1043893927,-5,25|r,0,3,0,0,0,0,0,16:17|s,0,0,0,0,0,0,0,962818782,-5,153|s,0,0,0,0,0,0,0,158461512,-5,153|r,0,0,0,0,0,0,0,19:20|s,0,0,0,0,0,0,0,982983547,-5,25|s,0,0,0,0,0,0,0,416992194,-5,25|r,0,-3,-200,0,0,0,0,22:23|s,0,0,0,0,0,0,0,21551852,-5,153|s,0,0,0,0,0,0,0,793686895,-5,153|r,0,3,0,0,0,0,100,25:26|s,0,0,0,0,0,0,0,831654745,-5,25|s,0,0,0,0,0,0,0,38879185,-5,25|r,0,2,-300,0,0,-100,0,28:29|s,0,0,0,0,0,0,0,529377092,-5,153|s,0,0,0,0,0,0,0,476330504,-5,153|r,0,5,0,0,0,0,0,31:32|s,0,0,0,0,0,0,0,584392646,-5,153|s,0,-1,1310,0,0,0,200,561794589,-5,153|s,0,3,0,0,0,0,0,327502925,-5,25|s,0,-10,-610,0,0,0,0,924538245,-5,25|s,0,0,0,0,0,0,0,161641347,-5,153|s,0,5,0,0,0,0,0,735313501,-5,153|r,0,-3,-80,0,0,0,0,38:39|s,0,-5,0,0,0,0,0,214982198,-5,153|s,0,0,0,0,0,0,0,49322545,-5,153|r,0,5,200,0,0,0,0,41:42|s,0,-5,0,0,0,0,0,1036628088,-5,25|s,0,0,-100,0,0,0,0,392282289,-5,153|s,0,0,0,0,0,0,0,308710085,-5,153|s,0,0,0,0,0,0,0,528981179,-5,153|r,0,5,100,0,0,-200,0,46:47|s,0,-1,0,0,0,0,0,306342917,-5,153|s,0,0,100,0,0,0,0,575139172,-5,153|s,0,3,100,0,0,0,0,724350617,-5,153|s,0,-4,0,0,0,0,0,8063370,-5,153|s,0,0,0,0,0,0,0,510989228,-5,25|s,0,0,-100,0,0,0,0,398870702,-5,153|s,0,1,-500,0,0,0,0,730679859,-5,153|s,0,2,450,0,0,0,50,182619271,-5,153|s,0,0,0,0,0,0,0,1009863988,-5,153|s,0,0,0,0,0,0,0,574854855,-5,153|r,0,3,100,0,0,-50,50,57:58|s,0,-6,0,0,0,-100,100,396351191,-5,25|s,0,0,0,0,0,0,0,373846480,-5,153|s,0,0,0,0,0,0,0,735029683,-5,153|s,0,0,0,0,0,0,0,740189368,-5,153|r,0,2,50,0,0,-150,50,62:63|s,0,2,-100,0,0,0,0,534337176,-5,153|s,0,2,-100,0,0,0,100,506731503,-5,25|s,0,0,0,0,0,0,0,65896912,-5,153|s,0,0,0,0,0,0,0,562305014,-5,153|r,0,1,0,0,0,-100,100,67:68|s,0,0,430,0,0,0,0,392282289,-5,153|s,0,4,-200,0,0,0,0,396348544,-5,25|s,0,0,0,0,0,0,0,241755320,-5,153,1,1|s,0,0,0,0,0,0,0,23905509,-5,153,1,1|s,0,0,0,0,0,0,0,260490644,-5,153,1,1|s,0,0,0,0,0,0,0,475933516,-5,153,1,1|r,0,-1,0,-5,0,-200,200,72:73:74:75|s,0,0,0,0,0,0,0,216465915,-5,25,1,0|s,0,2,0,0,0,0,0,592101377,-5,25|s,0,0,0,0,0,-100,100,483448143,-5,25|s,0,0,0,0,0,0,0,179592280,-5,25|s,0,0,0,0,0,0,0,428915659,-5,153|s,0,-10,400,0,0,0,0,332422054,-5,153|s,0,0,-180,0,0,0,0,645980616,-5,153|s,0,-5,400,0,0,0,0,998726221,-5,25|s,0,0,0,0,0,0,0,769304459,-5,153|s,0,5,0,0,0,0,0,346437373,-5,153|r,0,-3,-680,0,0,-100,100,85:86|s,0,0,0,0,0,0,0,769304459,-5,153|s,0,5,0,0,0,0,0,346437373,-5,153|r,0,-3,400,0,0,-100,100,88:89|s,0,0,0,0,0,0,0,938641522,-5,153|s,0,0,0,0,0,0,0,185843477,-5,153|s,0,0,0,0,0,0,0,11763669,-5,153|r,0,-15,810,0,0,0,0,91:92:93|s,0,0,1790,0,0,0,0,253521667,-5,153|s,0,0,-100,0,0,0,0,105310655,-5,25|w,0,1,0,0,0,0,0,552646103,0,65832740=2,2007975559=5,4023194814=8,184489641=11,3327625556=14,3226959782=15,2395811277=14,2240324029=18,1128386155=21,3610577907=24,2521936864=27,2751195616=30,3292385839=30,3860085507=33,1070995575=34,1769267454=35,2087261732=24,2353054743=36,2599397255=37,858810748=40,4268619120=43,4190572810=44,377165939=45,1544377644=48,2666244326=49,2861713096=50,3206747537=51,813912603=52,4047154541=53,58675939=54,2337441954=55,2976663622=56,2451948560=59,2469822380=60,2393348022=61,480295950=64,929483966=65,3116429934=66,3985959349=69,1659425634=70:71,4251222990=76,1240512178=77,2964547514=78,564367729=79,2498151255=80,1242441189=81,3223872829=82,3420099097=83:84,3038396623=87,3362866257=87,150292143=90,3187576023=94,2542385385=95,2657888854=96|l,0,1,0,0,0,0,0,97|t,0,1000,0,0,0,0,0,@sfx
play_enm_deathray_charge_01|1|s,0,0,0,0,0,0,0,1004282935,-5,217|l,0,3,0,0,0,0,0,0
play_enm_deathray_shot_01|3|s,0,2,0,0,0,0,0,678367208,-5,89,1,0|s,2,6,0,0,0,0,0,683409781,-5,89,1,1|l,0,-6,0,0,0,0,0,0:1|l,0,3,0,0,0,0,0,2|t,0,100,0,0,0,0,0,#play_enm_deathray_charge_01
play_enm_demonwall_barf_01|1|s,0,3,0,0,0,-100,100,631133410,-5,217|l,0,3,0,0,0,0,0,0
play_enm_demonwall_intro_01|1|s,0,2,0,0,0,0,0,268947106,-5,217,1,1|l,0,3,0,0,0,0,0,0
play_enm_electric_charge_01|1|s,0,-6,130,0,0,-300,100,545774572,-5,89|l,0,3,0,0,0,0,0,0
play_enm_flame_veil_01|1|s,0,-5,0,0,0,-200,200,977061930,-5,89|l,0,3,0,0,0,0,0,0
play_enm_gorgun_breech_01|1|s,0,1,0,0,0,0,0,171098247,-5,217|l,0,3,0,0,0,0,0,0
play_enm_gorgun_breech_02|1|s,0,0,0,0,0,0,0,171098247,-5,217|l,0,3,0,0,0,0,0,0
play_enm_gorgun_dive_01|1|s,0,2,0,0,0,0,0,473812538,-5,217|l,0,3,0,0,0,0,0,0
play_enm_gorgun_dive_02|1|s,0,2,0,0,0,0,0,473812538,-5,217|l,0,3,0,0,0,0,0,0
play_enm_gorgun_gaze_01|1|s,0,2,0,0,0,-200,100,514252039,-5,217|l,0,3,0,0,0,0,0,0
play_enm_gorgun_scream_01|1|s,0,-3,50,0,0,0,0,29432369,-5,217|l,0,3,0,0,0,0,0,0
play_enm_gorgun_shot_01|1|s,0,-2,-300,0,0,0,0,1048187266,-5,217,1,1|l,0,3,0,0,0,0,0,0
play_enm_gorgun_spin_01|1|s,0,-3,0,0,0,0,0,949144404,-5,217,1,1|l,0,3,0,0,0,0,0,0
play_enm_grip_master_eject_01|1|s,0,0,0,0,0,0,0,693752214,-5,89|l,0,3,0,0,0,0,0,0
play_enm_grip_master_lockon_01|3|s,0,0,0,0,0,0,0,554390778,-5,217|s,0,0,0,0,0,0,0,128954916,-5,217|l,0,0,0,0,0,0,0,0:1|l,0,3,0,0,0,0,0,2
play_enm_grip_master_swipe_01|1|s,0,0,0,0,0,0,0,611216012,-5,89|l,0,3,0,0,0,0,0,0|t,0,500,0,0,0,0,0,#play_enm_grip_master_lockon_01
play_enm_grip_master_swipe_02|1|s,0,0,0,0,0,0,0,820262593,-5,89|l,0,3,0,0,0,0,0,0
play_enm_gunknight_shockwave_01|1|s,0,-3,-200,0,0,-100,200,95067259,-5,217|l,0,3,0,0,0,0,0,0
play_enm_gunnut_shockwave_01|3|s,0,0,0,0,0,0,0,270941292,-5,217|s,0,0,0,0,0,0,0,460792980,-5,217|r,0,0,0,0,0,-100,150,0:1|l,0,3,0,0,0,0,0,2
play_enm_gunnut_swing_01|1|s,0,0,0,0,0,0,0,490504139,-5,89|l,0,3,0,0,0,0,0,0
play_enm_hammer_smash_01|1|s,0,5,-100,0,0,-100,100,70700938,-5,217|l,0,3,0,0,0,0,0,0
play_enm_hammer_target_01|1|s,0,-5,0,0,0,-100,100,388403882,-5,217|l,0,3,0,0,0,0,0,0
play_enm_highpriest_blast_01|1|s,0,-8,0,0,0,0,0,536828484,-5,217|l,0,3,0,0,0,0,0,0
play_enm_highpriest_cloak_01|1|s,0,5,0,0,0,0,0,342641337,-5,217|l,0,3,0,0,0,0,0,0
play_enm_highpriest_dash_01|1|s,0,6,0,0,0,-200,0,810772599,-5,217|l,0,3,0,0,0,0,0,0
play_enm_highpriest_death_01|1|s,0,4,0,0,0,0,0,827146696,-5,217|l,0,3,0,0,0,0,0,0
play_enm_highpriest_decloak_01|1|s,0,2,0,0,0,0,0,1035204167,-5,217|l,0,3,0,0,0,0,0,0
play_enm_highpriest_gatling_01|1|s,0,2,0,0,0,0,0,965160663,-5,217|l,0,3,0,0,0,0,0,0
play_enm_highpriest_intro_01|1|s,0,2,0,0,0,0,0,1027289072,-5,217|l,0,3,0,0,0,0,0,0
play_enm_highpriest_whips_01|1|s,0,-5,0,0,0,0,0,86252366,-5,217|l,0,3,0,0,0,0,0,0
play_enm_holy_cross_01|1|s,0,0,560,0,0,-200,100,124587171,-5,217|l,0,3,0,0,0,0,0,0
play_enm_hurt|86|s,0,0,0,0,0,0,0,823670717,-5,153,1,1|s,0,0,-200,0,0,0,0,362491208,-5,153,1,1|r,0,-1,0,0,0,0,0,0:1|s,0,0,300,0,0,0,0,431035611,-5,153,1,1|s,0,0,100,0,0,0,0,794640624,-5,153,1,1|r,0,0,100,0,0,-50,50,3:4|s,0,0,0,0,0,0,0,590853302,-5,25,1,1|s,0,0,0,0,0,0,0,435439457,-5,25,1,1|r,0,-8,600,0,0,0,0,6:7|s,0,0,0,0,0,0,0,590853302,-5,25,1,1|s,0,0,0,0,0,0,0,435439457,-5,25,1,1|r,0,-6,0,0,0,0,0,9:10|s,0,0,0,0,0,0,0,260128382,-5,25,1,1|s,0,0,0,0,0,0,0,766086593,-5,25,1,1|s,0,0,0,0,0,0,0,418333122,-5,25,1,1|r,0,0,0,0,0,0,0,12:13:14|s,0,0,0,0,0,0,0,853960512,-5,25,1,1|s,0,0,0,0,0,0,0,644979123,-5,25,1,1|r,0,3,0,0,0,0,0,16:17|s,0,0,0,0,0,0,0,591720918,-5,153,1,1|s,0,0,0,0,0,0,0,211668505,-5,153,1,1|r,0,0,0,0,0,-100,200,19:20|s,0,0,0,0,0,0,0,640228836,-5,153,1,1|s,0,0,0,0,0,0,0,641652587,-5,153,1,1|r,0,0,0,0,0,0,0,22:23|s,0,0,0,0,0,0,0,361614437,-5,25,1,1|s,0,10,0,0,0,0,0,664585754,-5,25,1,1|r,0,-2,-280,0,0,-100,100,25:26|s,0,0,0,0,0,0,0,588919883,-5,153,1,1|s,0,-5,0,0,0,0,0,58302650,-5,25,1,1|s,0,-4,0,0,0,0,0,283014234,-5,25,1,1|s,0,-4,0,0,0,0,0,439459018,-5,25,1,1|r,0,6,50,0,0,-100,0,28:29:30:31,0,2|s,0,0,0,0,0,0,0,621054700,-5,153,1,1|s,0,0,0,0,0,0,0,162003650,-5,153,1,1|r,0,0,0,0,0,-200,100,33:34|s,0,0,0,0,0,0,0,823670717,-5,153,1,1|s,0,0,0,0,0,0,0,362491208,-5,153,1,1|r,0,0,-300,0,0,0,0,36:37|s,0,0,300,0,0,0,0,435197720,-5,153,1,1|s,0,0,100,0,0,0,0,1024419608,-5,153,1,1|r,0,-5,100,0,0,0,0,39:40|s,0,0,0,0,0,0,0,837248090,-5,153,1,1|s,0,0,0,0,0,0,0,504793022,-5,153,1,1|r,0,0,0,0,0,-100,200,42:43|s,0,0,0,0,0,0,200,712290228,-5,153,1,1|s,0,-5,0,0,0,0,0,447417964,-5,153,1,1|s,0,0,0,0,0,0,0,900303941,-5,153,1,1|r,0,0,0,0,0,0,0,45:46:47|s,0,0,0,0,0,0,0,590328670,-5,153,1,1|s,0,0,0,0,0,0,0,118248672,-5,153,1,1|s,0,0,0,0,0,0,0,524285262,-5,153,1,1|s,0,0,0,0,0,0,0,251284690,-5,153,1,1|s,0,0,0,0,0,0,0,1012690330,-5,153,1,1|r,0,1,0,0,0,-100,100,49:50:51:52:53|s,0,0,0,0,0,0,0,410628120,-5,153,1,1|s,0,0,0,0,0,0,0,173222387,-5,153,1,1|s,0,0,0,0,0,0,0,276539461,-5,153,1,1|s,0,0,0,0,0,0,0,67562423,-5,153,1,1|r,0,0,0,0,0,-200,200,55:56:57:58|s,0,0,0,0,0,0,0,1054531153,-5,153,1,1|s,0,0,0,0,0,0,0,789172584,-5,153,1,1|s,0,0,0,0,0,0,0,818883451,-5,153,1,1|r,0,3,0,0,0,-100,0,60:61:62|s,0,0,0,0,0,0,0,1054531153,-5,153,1,1|s,0,0,0,0,0,0,0,789172584,-5,153,1,1|s,0,0,0,0,0,0,0,818883451,-5,153,1,1|r,0,5,300,0,0,-100,0,64:65:66|s,0,0,0,0,0,0,0,680555071,-5,153,1,1|s,0,0,0,0,0,0,0,819911569,-5,153,1,1|r,0,0,100,0,0,-50,50,68:69|s,0,0,0,0,0,0,0,934735391,-5,153,1,1|s,0,0,0,0,0,0,0,276696302,-5,153,1,1|s,0,0,0,0,0,0,0,430158905,-5,153,1,1|r,0,0,0,0,0,-100,100,71:72:73|s,0,-7,0,0,0,0,0,851879714,-5,153,1,1|s,0,0,0,0,0,0,0,32221287,-5,153,1,1|s,0,0,0,0,0,0,0,247706977,-5,153,1,1|r,0,-6,0,0,0,-50,126,75:76:77|s,0,0,0,0,0,0,0,574596014,-5,153,1,1|s,0,0,-200,0,0,0,0,146697081,-5,153,1,1|r,0,-1,400,0,0,0,0,79:80|s,0,0,0,0,0,0,0,823670717,-5,153,1,1|s,0,0,-200,0,0,0,0,362491208,-5,153,1,1|r,0,-1,600,0,0,0,0,82:83|w,0,1,0,0,0,0,0,552646103,0,65832740=2,2007975559=5,3327625556=8,2395811277=11,4047985283=15,2240324029=18,1128386155=21,2521936864=24,2751195616=27,3292385839=27,2353054743=32,2599397255=35,858810748=38,4268619120=41,4190572810=44,377165939=48,2666244326=54,1471869718=24,4047154541=59,2337441954=63,2337441952=67,2451948560=70,2393348022=74,4035705196=78,958408864=54,3223872829=81,150292143=84|l,0,1,0,0,0,0,0,85,0,25
play_enm_icecube_death_01|1|s,0,-2,-50,0,0,-100,100,786579977,-5,217|l,0,3,0,0,0,0,0,0
play_enm_iceslime_blast_01|1|s,0,-5,0,0,0,-100,200,579244144,-5,217|l,0,3,0,0,0,0,0,0
play_enm_iceslime_charge_01|1|s,0,1,0,0,0,-100,100,522673900,-5,217|l,0,3,0,0,0,0,0,0
play_enm_iceslime_shot_01|4|s,0,0,0,0,0,0,0,769862097,-5,217|s,0,0,0,0,0,0,0,64095652,-5,217|s,0,0,0,0,0,0,0,660389094,-5,217|r,0,-5,0,0,0,-100,100,0:1:2|l,0,3,0,0,0,0,0,3
play_enm_ironmaiden_blast_01|9|s,0,0,0,0,0,0,0,724840059,-5,89|s,0,0,0,0,0,0,0,6113994,-5,89|s,0,0,0,0,0,0,0,365673326,-5,89|r,0,-5,300,0,0,0,0,0:1:2|s,0,0,100,0,0,0,0,35681738,-5,89|s,0,0,0,0,0,0,0,373795942,-5,89|s,0,0,0,0,0,0,0,430941752,-5,89|r,0,-10,200,0,0,-100,0,4:5:6|l,0,0,0,0,0,0,0,3:7|l,0,3,0,0,0,0,0,8
play_enm_ironmaiden_close_01|1|s,0,0,0,0,0,0,0,785325741,-5,217|l,0,3,0,0,0,0,0,0
play_enm_ironmaiden_open_01|1|s,0,0,0,0,0,0,0,703147992,-5,217|l,0,3,0,0,0,0,0,0
play_enm_ironmaiden_shatter_01|1|s,0,0,0,0,0,0,0,248364899,-5,217|l,0,3,0,0,0,0,0,0
play_enm_ironmaiden_stomp_01|1|s,0,-10,0,0,0,-50,50,705907869,-5,217,5,0|l,0,3,0,0,0,0,0,0
play_enm_jammer_curse_01|1|s,0,-5,0,0,0,-100,100,913843011,-5,89|l,0,3,0,0,0,0,0,0
play_enm_kali_blast_01|7|s,0,-2,0,0,0,0,0,261615421,-5,217|l,0,3,0,0,0,0,0,0|s,0,0,0,0,0,0,0,192875976,-5,25|s,0,0,0,0,0,0,0,943606595,-5,25|s,0,0,0,0,0,0,0,1071916180,-5,25|r,0,0,0,0,0,0,0,2:3:4|l,0,2,0,0,0,0,0,5|l,0,0,0,0,0,0,0,1:6
play_enm_kali_burst_01|1|s,0,0,0,0,0,0,0,611583994,-5,89|l,0,3,0,0,0,0,0,0
play_enm_kali_charge_01|1|s,0,0,0,0,0,0,0,287784735,-5,89|l,0,3,0,0,0,0,0,0
play_enm_kali_explode_01|1|s,0,0,0,0,0,0,0,369114417,-5,89|l,0,3,0,0,0,0,0,0
play_enm_kali_pop_01|1|s,0,0,0,0,0,0,0,186448388,-5,89|l,0,3,0,0,0,0,0,0
play_enm_kali_shockwave_01|1|s,0,0,0,0,0,-400,300,201547263,-5,217|l,0,3,0,0,0,0,0,0
play_enm_kali_transform_01|1|s,0,1,-400,0,0,-100,200,73850605,-5,217|l,0,3,0,0,0,0,0,0
play_enm_lighten_world_01|1|s,0,0,-500,0,0,0,0,198517850,-5,217|l,0,3,0,0,0,0,0,0
play_enm_lizard_bubble_01|4|s,0,0,0,0,0,0,0,233815478,-5,217|s,0,0,0,0,0,0,0,160967139,-5,217|s,0,0,0,0,0,0,0,739012007,-5,217|r,0,-7,400,0,0,0,0,0:1:2|l,0,3,0,0,0,0,0,3
play_enm_lizard_bubble_02|4|s,0,0,0,0,0,0,0,233815478,-5,217|s,0,0,0,0,0,0,0,160967139,-5,217|s,0,0,0,0,0,0,0,739012007,-5,217|r,0,-7,400,0,0,0,0,0:1:2|l,0,3,0,0,0,0,0,3
play_enm_magic_circle_01|1|s,0,0,330,0,0,0,0,885321713,-5,217|l,0,3,0,0,0,0,0,0
play_enm_mech_step_01|1|s,0,0,-100,0,0,-25,25,352139153,-5,89|l,0,3,0,0,0,0,0,0
play_enm_mummy_cast_01|1|s,0,1,0,0,0,-200,100,885321713,-5,217|l,0,3,0,0,0,0,0,0
play_enm_mummy_curse_01|1|s,0,1,0,0,0,-200,100,681454816,-5,217|l,0,3,0,0,0,0,0,0
play_enm_mushroom_charge_01|1|s,0,1,0,0,0,-200,200,238023542,-5,217|l,0,3,0,0,0,0,0,0
play_enm_mushroom_cloud_01|1|s,0,1,100,0,0,-100,100,310969695,-5,217|l,0,3,0,0,0,0,0,0
play_enm_orb_laser_01|1|s,0,0,0,0,0,0,0,983796868,-5,217|l,0,3,0,0,0,0,0,0
play_enm_phasespider_appear_01|1|s,0,0,0,0,0,-100,100,31255454,-5,89|l,0,3,0,0,0,0,0,0
play_enm_phasespider_spray_01|1|s,0,0,0,0,0,-100,50,835544862,-5,89|l,0,3,0,0,0,0,0,0
play_enm_phasespider_vanish_01|1|s,0,0,0,0,0,-50,50,266033810,-5,89|l,0,3,0,0,0,0,0,0
play_enm_phasespider_weave_01|1|s,0,0,0,0,0,-50,50,1011257748,-5,89|l,0,3,0,0,0,0,0,0
play_enm_plasma_burst_01|1|s,0,1,0,0,0,0,0,751924463,-5,217|l,0,3,0,0,0,0,0,0
play_enm_pop_shot_01|3|s,0,0,0,0,0,0,0,150399783,-5,217|s,0,0,0,0,0,0,0,132567737,-5,217|r,0,-7,0,-6,0,-100,100,0:1|l,0,3,0,0,0,0,0,2
play_enm_reaper_spawn_01|1|s,0,-1,400,0,0,0,0,1027289072,-5,217|l,0,3,0,0,0,0,0,0
play_enm_revolvenant_chain_01|1|s,0,0,0,0,0,0,0,957869358,-5,89|l,0,3,0,0,0,0,0,0
play_enm_revolvenant_circle_01|1|s,0,-4,0,0,0,0,0,938987425,-5,89|l,0,3,0,0,0,0,0,0
play_enm_rock_blast_01|3|s,0,0,0,0,0,0,0,477019693,-5,217|s,0,0,0,0,0,0,0,76786065,-5,217|r,0,-3,-200,0,0,0,0,0:1|l,0,3,0,0,0,0,0,2|t,0,200,0,0,0,0,0,#play_enm_statue_glow_01
play_enm_rubber_blast_01|7|s,0,1,-100,0,0,0,0,742981650,-5,217|l,0,3,0,0,0,0,0,0|s,0,0,0,0,0,0,0,192875976,-5,25|s,0,0,0,0,0,0,0,943606595,-5,25|s,0,0,0,0,0,0,0,1071916180,-5,25|r,0,0,0,0,0,0,0,2:3:4|l,0,2,0,0,0,0,0,5|l,0,0,0,0,0,0,0,1:6
play_enm_rubber_bounce_01|1|s,0,1,0,0,0,-300,100,299920100,-5,217|l,0,3,0,0,0,0,0,0
play_enm_rubber_charging_01|1|s,0,0,0,0,0,0,0,1047716385,-5,217|l,0,3,0,0,0,0,0,0
play_enm_rubber_shock_01|1|s,0,0,0,0,0,-100,200,624556729,-5,89|l,0,3,0,0,0,0,0,0
play_enm_screamer_scream_01|1|s,0,0,-200,0,0,-200,50,137221597,-5,89|l,0,3,0,0,0,0,0,0
play_enm_shelleton_beam_01|1|s,0,0,-100,0,0,-50,50,228845852,-5,217|l,0,3,0,0,0,0,0,0
play_enm_shelleton_impact_01|3|s,0,0,0,0,0,0,0,118051643,-5,217|s,0,0,0,0,0,0,0,438263554,-5,89|r,0,0,0,0,0,-200,200,0:1|l,0,3,0,0,0,0,0,2
play_enm_shelleton_melt_01|1|s,0,0,100,0,0,-100,100,488658668,-5,89|l,0,3,0,0,0,0,0,0
play_enm_shells_gather_01|4|s,0,0,0,0,0,0,0,32434347,-5,217|s,0,0,0,0,0,0,0,382003665,-5,217|s,0,0,0,0,0,0,0,260215764,-5,217|r,0,2,0,0,0,-100,200,0:1:2|l,0,3,0,0,0,0,0,3
play_enm_shotgun_burst_01|4|s,0,0,0,0,0,0,0,282017948,-5,89|s,0,0,0,0,0,0,0,130719539,-5,89|s,0,0,0,0,0,0,0,336228953,-5,89|r,0,0,-200,0,0,0,0,0:1:2|l,0,3,0,0,0,0,0,3
play_enm_smiley_whistle_01|1|s,0,-15,-100,0,0,0,0,806839643,-5,217,1,1|l,0,3,0,0,0,0,0,0
play_enm_smiley_whistle_02|1|s,0,-15,-100,0,0,0,0,806839643,-5,217,1,1|l,0,3,0,0,0,0,0,0
play_enm_snake_shot_01|4|s,0,0,0,0,0,0,0,788079771,-5,217|s,0,0,0,0,0,0,0,619713359,-5,217|s,0,0,0,0,0,0,0,158884008,-5,217|r,0,-3,0,0,0,-150,150,0:1:2|l,0,3,0,0,0,0,0,3
play_enm_snake_shot_02|4|s,0,0,0,0,0,0,0,788079771,-5,217|s,0,0,0,0,0,0,0,619713359,-5,217|s,0,0,0,0,0,0,0,158884008,-5,217|r,0,-3,0,0,0,-150,150,0:1:2|l,0,3,0,0,0,0,0,3
play_enm_spawn_appear_01|1|s,0,-2,200,0,0,0,0,575839144,-5,217,3,0|l,0,3,0,0,0,0,0,0
play_enm_spawn_appear_02|1|s,0,-13,600,0,0,0,0,575839144,-5,217,3,0|l,0,3,0,0,0,0,0,0
play_enm_spawn_reticle_01|1|s,0,1,0,0,0,0,0,246006956,-5,217,5,1|l,0,3,0,0,0,0,0,0
play_enm_spawn_reticle_02|1|s,0,-6,200,0,0,0,0,246006956,-5,217,5,1|l,0,3,0,0,0,0,0,0
play_enm_squidface_cast_01|1|s,0,-6,0,0,0,-100,0,633342797,-5,89|l,0,3,0,0,0,0,0,0
play_enm_squidface_chant_01|1|s,0,-6,-200,0,0,0,0,39027525,-5,89|l,0,3,0,0,0,0,0,0
play_enm_squidface_illusion_01|1|s,0,-10,0,0,0,0,100,559401270,-5,89,1,1|l,0,3,0,0,0,0,0,0
play_enm_squidface_zap_01|4|s,0,0,0,0,0,0,0,628091140,-5,217|s,0,0,0,0,0,0,0,17713798,-5,217|s,0,0,0,0,0,0,0,574424202,-5,217|r,0,-15,880,0,0,-100,100,0:1:2|l,0,3,0,0,0,0,0,3
play_enm_statue_charge_01|1|s,0,2,200,0,0,-300,300,25358702,-5,217|l,0,3,0,0,0,0,0,0
play_enm_statue_glow_01|1|s,0,0,100,0,0,0,0,36200213,-5,217|l,0,3,0,0,0,0,0,0
play_enm_statue_intro_01|4|s,0,-10,0,0,0,0,0,200688510,-5,89|l,0,3,0,0,0,0,0,0|s,0,-2,100,0,0,0,0,271479069,-5,89|l,0,3,0,0,0,0,0,2,0,0|l,0,0,0,0,0,0,0,1:3
play_enm_statue_jump_01|4|s,0,0,0,0,0,0,0,234092919,-5,89|s,0,0,0,0,0,0,0,755748323,-5,89|s,0,0,0,0,0,0,0,119290391,-5,89|r,0,2,0,0,0,-200,100,0:1:2|l,0,3,0,0,0,0,0,3
play_enm_statue_ring_01|1|s,0,1,350,0,0,0,0,600464260,-5,217|l,0,3,0,0,0,0,0,0
play_enm_statue_stomp_01|4|s,0,0,0,0,0,0,0,921739974,-5,89|s,0,0,0,0,0,0,0,1018083213,-5,89|s,0,0,0,0,0,0,0,914299917,-5,89|r,0,2,-100,0,0,-200,200,0:1:2|l,0,3,0,0,0,0,0,3
play_enm_tarnisher_awake_01|1|s,0,0,0,0,0,0,0,374326493,-5,89|l,0,3,0,0,0,0,0,0
play_enm_tarnisher_bite_01|1|s,0,0,0,0,0,0,0,268181955,-5,89|l,0,3,0,0,0,0,0,0|t,0,100,0,0,0,0,0,#play_enm_tarnisher_seeking_01
play_enm_tarnisher_chew_01|1|s,0,0,0,0,0,-100,0,825092820,-5,89|l,0,3,0,0,0,0,0,0
play_enm_tarnisher_seeking_01|1|s,1,-3,0,0,0,0,0,593609789,-5,89|l,0,3,0,0,0,0,0,0
play_enm_tarnisher_spit_01|1|s,0,0,0,0,0,0,0,529431023,-5,89|l,0,3,0,0,0,0,0,0
play_enm_tarnisher_tarnish_01|1|s,0,0,0,0,0,0,0,142406476,-5,89|l,0,3,0,0,0,0,0,0
play_enm_tutorialknight_appear_01|1|s,0,0,0,0,0,0,0,262111116,-5,217|l,0,3,0,0,0,0,0,0
play_enm_tutorialknight_vanish_01|1|s,0,-2,-300,0,0,0,0,230867107,-5,217|l,0,3,0,0,0,0,0,0
play_enm_wake|3|s,0,0,-100,0,0,-100,100,33138535,-5,25|s,0,3,-80,0,0,-200,100,540177640,-5,25|w,0,0,0,0,0,0,0,552646103,0,4023194814=0,929483966=1|l,0,1,0,0,0,0,0,2
play_enm_wallmimic_walk_01|0|s,0,-13,-180,0,0,-100,200,107598926,-5,25,1,1
play_enm_wing_flap_01|2|s,0,0,0,0,0,0,0,573704714,-5,89|r,0,-7,300,0,0,-200,200,0|l,0,3,0,0,0,0,0,1
play_enm_wizard_book_01|1|s,0,0,-100,0,0,0,0,913635441,-5,89|l,0,3,0,0,0,0,0,0
play_enm_wizard_charge_01|1|s,0,0,0,0,0,-200,100,124587171,-5,217|l,0,3,0,0,0,0,0,0
play_enm_wizard_page_01|1|s,0,-6,0,0,0,-100,100,53941457,-5,89|l,0,3,0,0,0,0,0,0
play_enm_wizard_shockwave_01|1|s,0,1,0,0,0,-100,200,73850605,-5,217|l,0,3,0,0,0,0,0,0
play_enm_wizard_summon_01|1|s,0,0,0,0,0,-100,50,170843310,-5,89|l,0,3,0,0,0,0,0,0
play_enm_wizardred_appear_01|1|s,0,1,0,0,0,0,0,898625871,-5,217,1,1|l,0,3,0,0,0,0,0,0
play_enm_wizardred_chant_01|6|s,0,0,0,0,0,0,0,196872360,-5,25,1,1|s,0,0,0,0,0,0,0,1035986928,-5,25,1,1|r,0,0,0,0,0,0,0,0:1|l,0,1,0,0,0,0,0,2|s,0,3,0,0,0,0,0,712746573,-5,217,1,1|l,0,3,0,0,0,0,0,4|l,0,0,0,0,0,0,0,3:5
play_enm_wizardred_conjure_01|1|s,0,3,0,0,0,0,0,712746573,-5,217,1,1|l,0,3,0,0,0,0,0,0
play_enm_wizardred_orb_01|1|s,0,0,0,0,0,0,0,206728775,-5,217|l,0,3,0,0,0,0,0,0
play_enm_wizardred_shoot_01|3|s,0,0,0,0,0,0,0,350035770,-5,25|s,0,0,100,0,0,0,0,1000593640,-5,25|r,0,1,-100,0,0,0,0,0:1|l,0,1,0,0,0,0,0,2
play_enm_wizardred_swing_01|1|s,0,-2,0,0,0,0,0,559512173,-5,217|l,0,3,0,0,0,0,0,0
play_enm_wizardred_vanish_01|1|s,0,1,0,0,0,0,0,230867107,-5,217,1,1|l,0,3,0,0,0,0,0,0
play_enm_zombie_rise_01|3|s,0,0,0,0,0,0,0,66720928,-5,217|s,0,0,0,0,0,0,0,503600662,-5,217|r,0,0,0,0,0,-200,0,0:1|l,0,3,0,0,0,0,0,2
play_env_acidsizzle_loop_01|0|s,1,-19,300,0,0,0,0,1051575562,-5,9,2,0
play_env_final_flash_01|0|s,0,-9,0,0,0,0,0,213726943,-5,9
play_env_final_shot_01|0|s,0,-9,0,0,0,0,0,325141601,-5,9
play_env_oilfire_ignite_01|2|s,0,-5,0,0,0,-200,200,343287110,-5,9,1,1|s,1,-18,300,0,0,0,0,623917443,-5,9,2,0|l,0,0,0,0,0,0,0,0:1
play_env_puddle_zap_01|3|s,0,0,0,0,0,0,0,220613679,-5,137,1,1|s,0,0,0,0,0,0,0,510337126,-5,137,1,1|s,0,0,0,0,0,0,0,591210473,-5,137,1,1|r,0,-19,-100,0,3,-400,400,0:1:2
play_env_quake_loop_01|1|s,1,-18,0,0,0,0,0,667469706,-5,25|l,0,1,0,0,0,0,0,0
play_env_rain_loop_01|0|s,1,-17,0,0,0,0,0,395432654,-5,9,1,1
play_env_thunder_flash_01|0|s,0,-12,0,0,0,-500,500,643980466,-5,9
play_env_time_shatter_01|1|s,0,0,-200,0,0,0,0,244428831,-5,137|l,0,-3,0,0,0,0,0,0|t,0,1000,0,0,0,0,0,@sfx|x,0,0,0,0,0,0,0,dimension=off
play_env_trap_active|14|s,0,0,0,0,0,0,0,435822759,-5,9,25,0|s,0,0,0,0,0,0,0,172379280,-5,9,25,0|s,0,0,0,0,0,0,0,207716659,-5,9,25,0|r,0,-18,100,0,0,0,0,0:1:2|s,1,-10,100,0,0,0,0,900507294,-5,9,25,0|s,1,-9,100,0,0,0,0,780710574,-5,9,25,0|s,0,0,0,0,0,0,0,338445485,-5,9,25,0|s,0,0,0,0,0,0,0,915294169,-5,9,25,0|s,0,0,0,0,0,0,0,694294078,-5,9,25,0|r,0,-10,0,0,0,-200,0,6:7:8|s,0,0,100,0,0,0,0,656347684,-5,9,25,0|s,0,0,0,0,0,0,0,169343747,-5,9,25,0|s,0,0,0,0,0,0,0,943263045,-5,9,25,0|r,0,-10,0,0,0,-100,0,10:11:12|w,0,-1,0,0,0,0,0,4027926832,0,1590552294=3,2650593545=4,545371381=5,1115118792=9,747415224=13
play_env_trap_reset|5|s,0,-5,-450,0,0,0,0,581670067,-5,9,25,0|s,0,0,0,0,0,0,0,301306241,-5,9,25,0|s,0,0,0,0,0,0,0,30614829,-5,9,25,0|s,0,0,0,0,0,0,0,969707520,-5,9,25,0|r,0,-5,1000,0,0,-200,0,1:2:3|w,0,-1,0,0,0,0,0,4027926832,0,1115118792=0,747415224=4
play_env_trap_trigger|5|s,0,-5,0,0,0,0,0,581670067,-5,9,25,0|s,0,0,0,0,0,0,0,301306241,-5,9,25,0|s,0,0,0,0,0,0,0,30614829,-5,9,25,0|s,0,0,0,0,0,0,0,969707520,-5,9,25,0|r,0,-10,0,0,0,-200,0,1:2:3|w,0,-1,0,0,0,0,0,4027926832,0,1115118792=0,747415224=4
play_env_water_splash_01|0|s,0,-7,-300,0,0,-350,200,729247832,-5,25
play_fall|1|s,0,-5,0,0,0,0,0,378553753,-5,25|w,0,0,0,0,0,0,0,3263119794,1763303005,2076933349=0,1930240631=0,942981647=0,1223216882=0,1763303005=0,1128456955=0,842837903=0,3162012294=0,2381119915=0,1256513485=0,1733077369=0
play_fs|59|s,0,0,0,0,0,0,0,47347013,-5,25|s,0,0,0,0,0,0,0,899259902,-5,25|s,0,0,0,0,0,0,0,1012905310,-5,25|r,0,0,0,0,0,0,0,0:1:2|s,0,0,0,0,0,0,0,1031089104,-5,25|s,0,0,0,0,0,0,0,743044348,-5,25|s,0,0,0,0,0,0,0,566822691,-5,25|r,0,3,0,0,0,0,0,4:5:6|s,0,0,0,0,0,0,0,327650755,-5,25|s,0,0,0,0,0,0,0,813762424,-5,25|s,0,0,0,0,0,0,0,342987174,-5,25|r,0,3,0,0,0,0,0,8:9:10|w,0,-20,0,0,0,0,0,3358453775,1216965916,1216965916=3,2412606308=7,2654748154=11|s,0,0,0,0,0,0,0,199367820,-5,25|s,0,0,0,0,0,0,0,490861200,-5,25|s,0,0,0,0,0,0,0,152364922,-5,25|r,0,-2,0,0,0,0,0,13:14:15|s,0,0,0,0,0,0,0,235300745,-5,25|s,0,0,0,0,0,0,0,349292209,-5,25|s,0,0,0,0,0,0,0,831341438,-5,25|r,0,0,0,0,0,0,0,17:18:19|s,0,0,0,0,0,0,0,887938797,-5,25|s,0,0,0,0,0,0,0,941745510,-5,25|s,0,0,0,0,0,0,0,1030828992,-5,25|r,0,0,0,0,0,0,0,21:22:23|w,0,-29,0,0,0,-100,0,3358453775,1216965916,1216965916=16,2412606308=20,2654748154=24|s,0,0,0,0,0,0,0,894404529,-5,25|s,0,0,0,0,0,0,0,931299623,-5,25|r,0,-6,200,0,0,-300,200,26:27|s,0,0,0,0,0,0,0,501139599,-5,25|s,0,0,0,0,0,0,0,5003164,-5,25|r,0,0,0,0,0,0,0,29:30|s,0,0,0,0,0,0,0,429826295,-5,25|s,0,0,0,0,0,0,0,868027328,-5,25|s,0,0,0,0,0,0,0,986909488,-5,25|r,0,3,0,0,0,0,0,32:33:34|w,0,-20,0,0,0,-200,100,3358453775,1216965916,1216965916=28,2412606308=31,2654748154=35|s,0,0,0,0,0,0,0,402342324,-5,25|s,0,0,0,0,0,0,0,885604745,-5,25|s,0,0,0,0,0,0,0,894731227,-5,25|r,0,-3,-100,0,0,0,0,37:38:39|s,0,0,0,0,0,0,0,365838333,-5,25|s,0,0,0,0,0,0,0,48456862,-5,25|s,0,0,0,0,0,0,0,687012722,-5,25|r,0,0,0,0,0,0,0,41:42:43|s,0,0,0,0,0,0,0,389692789,-5,25|s,0,0,0,0,0,0,0,416353297,-5,25|s,0,0,0,0,0,0,0,507332384,-5,25|r,0,3,0,0,0,0,0,45:46:47|w,0,-18,0,0,0,-200,100,3358453775,1216965916,1216965916=40,2412606308=44,2654748154=48|s,0,0,0,0,0,0,0,231262612,-5,25|s,0,0,0,0,0,0,0,128737154,-5,25|s,0,0,0,0,0,0,0,956645980,-5,25|r,0,-25,0,-2,2,-100,100,50:51:52|s,0,0,0,0,0,0,0,429826295,-5,25|s,0,0,0,0,0,0,0,868027328,-5,25|s,0,0,0,0,0,0,0,986909488,-5,25|r,0,-20,150,0,0,0,0,54:55:56|w,0,0,0,0,0,0,0,3358453775,1216965916,1216965916=53,2412606308=53,2654748154=57:53|w,0,2,0,0,0,0,0,3263119794,1763303005,2076933349=12,1930240631=25,942981647=36,1223216882=49,1763303005=49,1128456955=49,842837903=49,3162012294=36,2381119915=36,1256513485=58,1733077369=49
play_fs_bell_step_01|3|s,0,0,0,0,0,0,0,231262612,-5,25,1,1|s,0,0,0,0,0,0,0,128737154,-5,25,1,1|s,0,0,0,0,0,0,0,956645980,-5,25,1,1|r,0,-27,230,-2,2,-100,100,0:1:2
play_fs_enm|78|s,0,0,0,0,0,0,0,231262612,-5,25,1,1|s,0,0,0,0,0,0,0,128737154,-5,25,1,1|s,0,0,0,0,0,0,0,956645980,-5,25,1,1|r,0,-25,0,-2,2,-100,100,0:1:2|s,0,0,0,0,0,0,0,707540100,-5,25,1,1|s,0,0,0,0,0,0,0,259496233,-5,25,1,1|s,0,0,0,0,0,0,0,980418502,-5,25,1,1|r,0,-27,0,-2,2,-100,100,4:5:6|s,0,0,0,0,0,0,0,703798987,-5,153,1,1|s,0,0,0,0,0,0,0,94061373,-5,153,1,1|s,0,0,0,0,0,0,0,214582631,-5,153,1,1|r,0,-15,500,-3,0,-200,0,8:9:10|s,0,0,0,0,0,0,0,625366070,-5,153,1,1|s,0,0,0,0,0,0,0,966159287,-5,153,1,1|s,0,0,0,0,0,0,0,849625632,-5,153,1,1|r,0,-20,0,0,0,-100,100,12:13:14|s,0,0,0,0,0,0,0,894404529,-5,25,1,1|s,0,0,0,0,0,0,0,931299623,-5,25,1,1|s,0,0,0,0,0,0,0,105721826,-5,25,1,1|r,0,-15,400,0,0,0,0,16:17:18|s,0,0,0,0,0,0,0,966534853,-5,153,2,1|s,0,0,0,0,0,0,0,1013221617,-5,153,2,1|s,0,0,0,0,0,0,0,9569538,-5,153,2,1|r,0,-15,-300,0,0,-200,0,20:21:22|s,0,0,0,0,0,0,0,47347013,-5,25,1,1|s,0,0,0,0,0,0,0,899259902,-5,25,1,1|s,0,0,0,0,0,0,0,1012905310,-5,25,1,1|r,0,0,0,0,0,0,0,24:25:26|s,0,0,0,0,0,0,0,1031089104,-5,25,1,1|s,0,0,0,0,0,0,0,743044348,-5,25,1,1|s,0,0,0,0,0,0,0,566822691,-5,25,1,1|r,0,3,0,0,0,0,0,28:29:30|s,0,0,0,0,0,0,0,327650755,-5,25,1,1|s,0,0,0,0,0,0,0,813762424,-5,25,1,1|s,0,0,0,0,0,0,0,342987174,-5,25,1,1|r,0,3,0,0,0,0,0,32:33:34|w,0,-21,0,0,0,0,0,3358453775,1216965916,1216965916=27,2412606308=31,2654748154=35|s,0,0,0,0,0,0,0,444955832,-5,153,3,0|s,0,0,0,0,0,0,0,631350672,-5,153,3,0|s,0,0,0,0,0,0,0,722331652,-5,153,3,0|r,0,-15,0,0,0,-100,200,37:38:39|s,0,0,0,0,0,0,0,402342324,-5,25,1,1|s,0,0,0,0,0,0,0,885604745,-5,25,1,1|s,0,0,0,0,0,0,0,894731227,-5,25,1,1|r,0,-3,-100,0,0,0,0,41:42:43|s,0,0,0,0,0,0,0,365838333,-5,25,1,1|s,0,0,0,0,0,0,0,48456862,-5,25,1,1|s,0,0,0,0,0,0,0,687012722,-5,25,1,1|r,0,5,0,0,0,0,0,45:46:47|s,0,0,0,0,0,0,0,389692789,-5,25,1,1|s,0,0,0,0,0,0,0,416353297,-5,25,1,1|s,0,0,0,0,0,0,0,507332384,-5,25,1,1|r,0,3,0,0,0,0,0,49:50:51|w,0,-23,-200,0,0,-200,100,3358453775,1216965916,1216965916=44,2412606308=48,2654748154=52|s,0,0,0,0,0,0,0,47347013,-5,25,1,1|s,0,0,0,0,0,0,0,899259902,-5,25,1,1|s,0,0,0,0,0,0,0,1012905310,-5,25,1,1|r,0,0,0,0,0,0,0,54:55:56|s,0,0,0,0,0,0,0,1031089104,-5,25,1,1|s,0,0,0,0,0,0,0,743044348,-5,25,1,1|s,0,0,0,0,0,0,0,566822691,-5,25,1,1|r,0,3,0,0,0,0,0,58:59:60|s,0,0,0,0,0,0,0,327650755,-5,25,1,1|s,0,0,0,0,0,0,0,813762424,-5,25,1,1|s,0,0,0,0,0,0,0,342987174,-5,25,1,1|r,0,3,0,0,0,0,0,62:63:64|w,0,-12,960,0,0,0,0,3358453775,1216965916,1216965916=57,2412606308=61,2654748154=65|s,0,0,0,0,0,0,0,473527624,-5,153,1,1|s,0,0,0,0,0,0,0,289859536,-5,153,1,1|s,0,0,0,0,0,0,0,1056491513,-5,153,1,1|r,0,0,-80,0,0,0,100,67:68:69|s,0,0,0,0,0,0,0,63716047,-5,153,1,1|s,0,0,0,0,0,0,0,528498384,-5,153,1,1|r,0,0,-200,0,0,0,100,71:72|s,0,0,0,0,0,0,0,736468920,-5,153,1,1|s,0,0,0,0,0,0,0,767929672,-5,153,1,1|s,0,0,0,0,0,0,0,429458105,-5,153,1,1|r,0,0,300,0,0,0,100,74:75:76|w,0,0,0,0,0,0,0,552646103,65832740,65832740=3,2007975559=7,1128386155=11,3610577907=15,2521936864=19,1922480019=3,2751195616=3,3292385839=3,3156963673=23,3860085507=11,1769267454=36,2769496956=19,858810748=3,4268619120=7,1072924045=23,1471869718=36,2861713096=40,1083682097=53,3672898259=53,2451948560=3,929483966=3,3223872829=3,1047714102=66,3038396623=70,3362866257=73,150292143=77
play_fs_heelbig_step_01|3|s,0,0,0,0,0,0,0,736468920,-5,153,1,1|s,0,0,0,0,0,0,0,767929672,-5,153,1,1|s,0,0,200,0,0,0,0,429458105,-5,153,1,1|r,0,3,-300,0,0,0,0,0:1:2
play_fs_rat_01|12|s,0,0,0,0,0,0,0,47347013,-5,25,1,1|s,0,0,0,0,0,0,0,899259902,-5,25,1,1|s,0,0,0,0,0,0,0,1012905310,-5,25,1,1|r,0,0,0,0,0,0,0,0:1:2|s,0,0,0,0,0,0,0,1031089104,-5,25,1,1|s,0,0,0,0,0,0,0,743044348,-5,25,1,1|s,0,0,0,0,0,0,0,566822691,-5,25,1,1|r,0,3,0,0,0,0,0,4:5:6|s,0,0,0,0,0,0,0,327650755,-5,25,1,1|s,0,0,0,0,0,0,0,813762424,-5,25,1,1|s,0,0,0,0,0,0,0,342987174,-5,25,1,1|r,0,3,0,0,0,0,0,8:9:10|w,0,-12,960,0,0,0,0,3358453775,1216965916,1216965916=3,2412606308=7,2654748154=11
play_fs_rat_leap_01|3|s,0,0,0,0,0,0,0,464583902,-5,25|s,0,0,0,0,0,0,0,627743654,-5,25|s,0,0,0,0,0,0,0,205749975,-5,25|r,0,-11,300,0,0,0,0,0:1:2
play_fs_rat_roll_01|3|s,0,0,0,0,0,0,0,265944561,-5,25|s,0,0,0,0,0,0,0,851858114,-5,25|s,0,0,0,0,0,0,0,721653017,-5,25|r,0,-10,680,0,0,-100,100,0:1:2
play_fs_shotgun_01|9|s,0,0,0,0,0,0,0,707540100,-5,25|s,0,0,0,0,0,0,0,259496233,-5,25|s,0,0,0,0,0,0,0,980418502,-5,25|r,0,-22,0,-2,2,-100,100,0:1:2|s,0,0,0,0,0,0,0,429826295,-5,25|s,0,0,0,0,0,0,0,868027328,-5,25|s,0,0,0,0,0,0,0,986909488,-5,25|r,0,-20,150,0,0,0,0,4:5:6|w,0,0,0,0,0,0,0,3358453775,1216965916,1216965916=3,2412606308=3,2654748154=7:3|l,0,2,0,0,0,0,0,8
play_fs_shotgun_leap_01|3|s,0,0,0,0,0,0,0,1066343989,-5,153|s,0,0,0,0,0,0,0,773717935,-5,153|s,0,0,0,0,0,0,0,634189610,-5,153|r,0,-8,-200,0,0,0,0,0:1:2
play_fs_shotgun_roll_01|2|s,0,0,0,0,0,0,0,155559175,-5,153|s,0,0,0,0,0,0,0,562616322,-5,153|r,0,-12,-200,0,0,-100,100,0:1
play_itm_cheesewheel_finish_01|1|s,0,-10,-100,0,0,0,0,316909286,-5,25|l,0,-4,0,0,0,0,0,0
play_itm_cheesewheel_munch_01|1|s,0,-15,100,0,0,0,0,35125107,-5,25|l,0,-4,0,0,0,0,0,0
play_itm_crisis_stone_impact_01|4|s,0,0,0,0,0,0,0,740864212,-5,153,4,0|s,0,0,0,0,0,0,0,928358156,-5,153,4,0|s,0,0,0,0,0,0,0,305236997,-5,153,4,0|r,0,-1,0,0,0,0,200,0:1:2|l,0,-4,0,0,0,0,0,3
play_itm_crisis_stone_reload_01|4|s,0,0,0,0,0,0,0,783368908,-5,153|s,0,0,0,0,0,0,0,721026056,-5,153|s,0,0,0,0,0,0,0,535546805,-5,153|r,0,0,0,0,0,0,0,0:1:2|l,0,-4,0,0,0,0,0,3
play_itm_crisis_stone_shield_01|1|s,0,0,0,0,0,-100,100,928575213,-5,25|l,0,-4,0,0,0,0,0,0
play_itm_folding_table_use_01|1|s,0,-3,0,0,0,0,200,341958649,-5,25|l,0,-4,0,0,0,0,0,0
play_itm_macho_brace_active_01|1|s,0,-7,0,0,0,0,200,883104421,-5,25|l,0,-4,0,0,0,0,0,0
play_itm_macho_brace_fade_01|1|s,0,-8,0,0,0,0,200,909746639,-5,25|l,0,-4,0,0,0,0,0,0
play_itm_macho_brace_trigger_01|1|s,0,-3,0,0,0,0,200,339077744,-5,25|l,0,-4,0,0,0,0,0,0|t,0,200,0,0,0,0,0,#play_itm_macho_brace_active_01|t,0,100,0,0,0,0,0,#play_itm_macho_brace_fade_01
play_itm_table_time_freeze_01|1|s,0,0,0,0,0,0,0,687888161,-5,153|l,0,3,0,0,0,0,0,0|p,0,0,0,0,0,0,0,@sfx3|u,0,1000,2000,0,0,0,0,@sfx3
play_leap|20|s,0,0,0,0,0,0,0,464583902,-5,25|s,0,0,0,0,0,0,0,627743654,-5,25|s,0,0,0,0,0,0,0,205749975,-5,25|r,0,-11,0,0,0,0,0,0:1:2|s,0,-1,0,0,0,0,0,455835623,-5,25|s,0,0,0,0,0,0,0,435908709,-5,25|s,0,0,0,0,0,0,0,687877645,-5,25|r,0,-13,0,-5,0,-400,100,4:5:6|s,0,0,0,0,0,0,0,63173118,-5,25|s,0,0,0,0,0,0,0,690431231,-5,25|s,0,0,0,0,0,0,0,549031817,-5,25|r,0,-8,200,0,0,0,0,8:9:10|s,0,0,0,0,0,0,0,336364124,-5,25|s,0,0,0,0,0,0,0,878314605,-5,25|s,0,0,0,0,0,0,0,952830574,-5,25|r,0,-9,0,0,0,0,0,12:13:14|s,0,0,0,0,0,0,0,1066343989,-5,153|s,0,0,0,0,0,0,0,773717935,-5,153|s,0,0,0,0,0,0,0,634189610,-5,153|r,0,-6,0,0,0,0,0,16:17:18|w,0,0,0,0,0,0,0,3263119794,1763303005,2076933349=3,1930240631=7,942981647=11,1223216882=15,1763303005=15,1128456955=15,842837903=15,3162012294=15,2381119915=3,1256513485=19,1733077369=15
play_m_enm_grip_master_swipe_02|1|s,0,0,0,0,0,0,0,820262593,-5,89|l,0,3,0,0,0,0,0,0
play_mus_anthem|0|m,1,-4,0,0,0,0,0
play_mus_anthem_winner_short_01|0|m,0,-4,0,0,0,0,0
play_mus_boss_theme_beholster|0|m,1,-4,0,0,0,0,0
play_mus_boss_theme_dragun_01|0|m,1,-4,0,0,0,0,0
play_mus_boss_theme_dragun_02|0|m,1,-4,0,0,0,0,0|t,0,500,0,0,0,0,0,#play_mus_boss_theme_dragun_01
play_mus_boss_theme_gull|0|m,1,-4,0,0,0,0,0
play_mus_boss_theme_lich|0|m,1,-4,0,0,0,0,0
play_mus_bullethell_theme_01|0|m,1,-4,0,0,0,0,0|t,0,0,0,0,0,0,0,@music|x,0,0,0,0,0,0,0,foyer=not_foyer|x,0,0,0,0,0,0,0,dimension=off
play_mus_castle_theme_01|0|m,1,-4,0,0,0,0,0|t,0,1000,0,0,0,0,0,@music|x,0,0,0,0,0,0,0,foyer=not_foyer|x,0,0,0,0,0,0,0,dimension=off
play_mus_catacombs_theme_01|0|m,1,-4,0,0,0,0,0|t,0,0,0,0,0,0,0,@music|x,0,0,0,0,0,0,0,foyer=not_foyer|x,0,0,0,0,0,0,0,dimension=off
play_mus_cathedral_theme_01|0|m,1,-4,0,0,0,0,0|t,0,0,0,0,0,0,0,@music|x,0,0,0,0,0,0,0,foyer=not_foyer|x,0,0,0,0,0,0,0,dimension=off
play_mus_dungeon_rat_theme_01|0|m,1,-4,0,0,0,0,0|t,0,0,0,0,0,0,0,@music|x,0,0,0,0,0,0,0,foyer=not_foyer|x,0,0,0,0,0,0,0,dimension=off
play_mus_dungeon_state_drone|0|x,0,0,0,0,0,0,0,mus_dungeon_theme=drone
play_mus_dungeon_state_intro|0|x,0,0,0,0,0,0,0,mus_dungeon_theme=intro
play_mus_dungeon_state_loopa|0|x,0,0,0,0,0,0,0,mus_dungeon_theme=loop_a
play_mus_dungeon_state_loopb|0|x,0,0,0,0,0,0,0,mus_dungeon_theme=loop_b
play_mus_dungeon_state_loopc|0|x,0,0,0,0,0,0,0,mus_dungeon_theme=loop_c
play_mus_dungeon_state_loopd|0|x,0,0,0,0,0,0,0,mus_dungeon_theme=loop_d
play_mus_dungeon_state_npc|0|x,0,0,0,0,0,0,0,mus_dungeon_theme=npc
play_mus_dungeon_state_secret|0|x,0,0,0,0,0,0,0,mus_dungeon_theme=secret_room
play_mus_dungeon_state_shop|0|x,0,0,0,0,0,0,0,mus_dungeon_theme=shop
play_mus_dungeon_state_winchester|0|x,0,0,0,0,0,0,0,mus_dungeon_theme=winchester
play_mus_dungeon_state_winner|0|x,0,0,0,0,0,0,0,mus_dungeon_theme=win_state
play_mus_dungeon_theme_01|0|m,1,-4,0,0,0,0,0|t,0,0,0,0,0,0,0,@music|x,0,0,0,0,0,0,0,foyer=not_foyer|x,0,0,0,0,0,0,0,dimension=off
play_mus_ending_bullet_01|0|m,1,-4,0,0,0,0,0|x,0,0,0,0,0,0,0,foyer=not_foyer|x,0,0,0,0,0,0,0,dimension=off
play_mus_ending_convict_01|0|m,1,-4,0,0,0,0,0|x,0,0,0,0,0,0,0,foyer=not_foyer|x,0,0,0,0,0,0,0,dimension=off
play_mus_ending_guide_01|0|m,1,-4,0,0,0,0,0|x,0,0,0,0,0,0,0,foyer=not_foyer|x,0,0,0,0,0,0,0,dimension=off
play_mus_ending_marine_01|0|m,1,-4,0,0,0,0,0|x,0,0,0,0,0,0,0,foyer=not_foyer|x,0,0,0,0,0,0,0,dimension=off
play_mus_ending_pilot_01|0|m,1,-4,0,0,0,0,0|x,0,0,0,0,0,0,0,foyer=not_foyer|x,0,0,0,0,0,0,0,dimension=off
play_mus_ending_robot_01|0|m,1,-4,0,0,0,0,0|x,0,0,0,0,0,0,0,foyer=not_foyer|x,0,0,0,0,0,0,0,dimension=off
play_mus_ending_state_01|0|x,0,0,0,0,0,0,0,mus_ending_phases=phase_1
play_mus_ending_state_02|0|x,0,0,0,0,0,0,0,mus_ending_phases=phase_2
play_mus_forge_theme_01|0|m,1,-4,0,0,0,0,0|t,0,0,0,0,0,0,0,@music|x,0,0,0,0,0,0,0,foyer=not_foyer|x,0,0,0,0,0,0,0,dimension=off
play_mus_foyer_theme_01|0|m,1,-4,0,0,0,0,0|x,0,0,0,0,0,0,0,foyer=in_foyer|x,0,0,0,0,0,0,0,dimension=off
play_mus_gunsling_state_lose|0|x,0,0,0,0,0,0,0,mus_gunsling_king=lose
play_mus_gunsling_state_normal|0|x,0,0,0,0,0,0,0,mus_gunsling_king=normal
play_mus_gunsling_state_win|0|x,0,0,0,0,0,0,0,mus_gunsling_king=win
play_mus_intro_beat_01|0|m,0,-4,0,0,0,0,0|t,0,0,0,0,0,0,0,play_mus_intro_beat_01
play_mus_intro_beat_02|0|m,0,-4,0,0,0,0,0|t,0,200,0,0,0,0,0,play_mus_intro_beat_01
play_mus_intro_drum_01|0|m,0,-4,0,0,0,0,0
play_mus_intro_drum_02|0|m,0,-4,0,0,0,0,0
play_mus_lich_double_01|0|m,1,-4,0,0,0,0,0
play_mus_lich_phase_02|0|m,1,-4,0,0,0,0,0|t,0,0,200,0,0,0,0,@music|t,0,500,0,0,0,0,0,@all
play_mus_lich_phase_03|0|m,1,-4,0,0,0,0,0|t,0,500,0,0,0,0,0,@all|t,0,0,200,0,0,0,0,@music
play_mus_lich_stinger_01|0|m,1,-4,0,0,0,0,0|t,0,0,0,0,0,0,0,play_mus_lich_transition_03
play_mus_lich_transition_01|0|m,0,-4,0,0,0,0,0|t,0,500,0,0,0,0,0,~play_mus_anthem;play_mus_boss_theme_beholster;play_mus_boss_theme_dragun_01;play_mus_boss_theme_dragun_02;play_mus_boss_theme_gull;play_mus_boss_theme_lich;play_mus_lich_double_01;play_mus_lich_phase_02;play_mus_lich_phase_03;play_mus_lich_transition_03;play_mus_rat_theme_01;play_mus_rat_theme_02;play_mus_ratpunch_intro_01;play_mus_ratpunch_theme_01;play_mus_ratpunch_theme_02;play_mus_ratpunch_theme_03|t,0,0,200,0,0,0,0,@music
play_mus_lich_transition_02|0|m,0,-4,0,0,0,0,0|t,0,500,0,0,0,0,0,~play_mus_anthem;play_mus_boss_theme_beholster;play_mus_boss_theme_dragun_01;play_mus_boss_theme_dragun_02;play_mus_boss_theme_gull;play_mus_boss_theme_lich;play_mus_lich_double_01;play_mus_lich_phase_02;play_mus_lich_phase_03;play_mus_lich_transition_03;play_mus_rat_theme_01;play_mus_rat_theme_02;play_mus_ratpunch_intro_01;play_mus_ratpunch_theme_01;play_mus_ratpunch_theme_02;play_mus_ratpunch_theme_03|t,0,0,200,0,0,0,0,@music
play_mus_lich_transition_03|0|m,0,-4,0,0,0,0,0|t,0,500,0,0,0,0,0,~play_mus_anthem;play_mus_boss_theme_beholster;play_mus_boss_theme_dragun_01;play_mus_boss_theme_dragun_02;play_mus_boss_theme_gull;play_mus_boss_theme_lich;play_mus_lich_double_01;play_mus_lich_phase_02;play_mus_lich_phase_03;play_mus_lich_transition_03;play_mus_rat_theme_01;play_mus_rat_theme_02;play_mus_ratpunch_intro_01;play_mus_ratpunch_theme_01;play_mus_ratpunch_theme_02;play_mus_ratpunch_theme_03|t,0,0,200,0,0,0,0,@music
play_mus_map_intro_01|0|m,0,-4,0,0,0,0,0|x,0,0,0,0,0,0,0,dimension=off
play_mus_mines_theme_01|0|m,1,-4,0,0,0,0,0|t,0,0,0,0,0,0,0,@music|x,0,0,0,0,0,0,0,foyer=not_foyer|x,0,0,0,0,0,0,0,dimension=off
play_mus_npc_state_curse|0|x,0,0,0,0,0,0,0,mus_npc_theme=curse_shop
play_mus_npc_state_fountain|0|x,0,0,0,0,0,0,0,mus_npc_theme=curse_fountain
play_mus_npc_state_gunsling|0|x,0,0,0,0,0,0,0,mus_npc_theme=gunsling_king
play_mus_npc_state_link|0|x,0,0,0,0,0,0,0,mus_npc_theme=map_link
play_mus_npc_state_nurses|0|x,0,0,0,0,0,0,0,mus_npc_theme=mash_nurses
play_mus_npc_state_shrine|0|x,0,0,0,0,0,0,0,mus_npc_theme=shrines_general
play_mus_npc_state_synergy|0|x,0,0,0,0,0,0,0,mus_npc_theme=synergy_witch
play_mus_npc_state_vampire|0|x,0,0,0,0,0,0,0,mus_npc_theme=vampire_lady
play_mus_office_theme_01|0|m,1,-4,0,0,0,0,0|t,0,0,0,0,0,0,0,@music|x,0,0,0,0,0,0,0,foyer=not_foyer|x,0,0,0,0,0,0,0,dimension=off
play_mus_rat_theme_01|0|m,1,-4,0,0,0,0,0|t,0,500,0,0,0,0,0,~play_mus_anthem;play_mus_boss_theme_beholster;play_mus_boss_theme_dragun_01;play_mus_boss_theme_dragun_02;play_mus_boss_theme_gull;play_mus_boss_theme_lich;play_mus_lich_double_01;play_mus_lich_phase_02;play_mus_lich_phase_03;play_mus_lich_transition_03;play_mus_rat_theme_01;play_mus_rat_theme_02;play_mus_ratpunch_intro_01;play_mus_ratpunch_theme_01;play_mus_ratpunch_theme_02;play_mus_ratpunch_theme_03
play_mus_rat_theme_02|0|m,1,-4,0,0,0,0,0|t,0,500,0,0,0,0,0,~play_mus_anthem;play_mus_boss_theme_beholster;play_mus_boss_theme_dragun_01;play_mus_boss_theme_dragun_02;play_mus_boss_theme_gull;play_mus_boss_theme_lich;play_mus_lich_double_01;play_mus_lich_phase_02;play_mus_lich_phase_03;play_mus_lich_transition_03;play_mus_rat_theme_01;play_mus_rat_theme_02;play_mus_ratpunch_intro_01;play_mus_ratpunch_theme_01;play_mus_ratpunch_theme_02;play_mus_ratpunch_theme_03
play_mus_ratpunch_intro_01|0|m,0,-4,0,0,0,0,0
play_mus_ratpunch_theme_01|0|m,1,-4,0,0,0,0,0|t,0,0,0,0,0,0,0,play_mus_ratpunch_intro_01
play_mus_ratpunch_theme_02|0|m,1,-4,0,0,0,0,0|t,0,500,0,0,0,0,0,~play_mus_anthem;play_mus_boss_theme_beholster;play_mus_boss_theme_dragun_01;play_mus_boss_theme_dragun_02;play_mus_boss_theme_gull;play_mus_boss_theme_lich;play_mus_lich_double_01;play_mus_lich_phase_02;play_mus_lich_phase_03;play_mus_lich_transition_03;play_mus_rat_theme_01;play_mus_rat_theme_02;play_mus_ratpunch_intro_01;play_mus_ratpunch_theme_01;play_mus_ratpunch_theme_02;play_mus_ratpunch_theme_03
play_mus_ratpunch_theme_03|0|m,1,-4,0,0,0,0,0|t,0,500,0,0,0,0,0,~play_mus_anthem;play_mus_boss_theme_beholster;play_mus_boss_theme_dragun_01;play_mus_boss_theme_dragun_02;play_mus_boss_theme_gull;play_mus_boss_theme_lich;play_mus_lich_double_01;play_mus_lich_phase_02;play_mus_lich_phase_03;play_mus_lich_transition_03;play_mus_rat_theme_01;play_mus_rat_theme_02;play_mus_ratpunch_intro_01;play_mus_ratpunch_theme_01;play_mus_ratpunch_theme_02;play_mus_ratpunch_theme_03
play_mus_ratpunch_transition_01|0|m,0,-4,0,0,0,0,0|t,0,500,0,0,0,0,0,~play_mus_anthem;play_mus_boss_theme_beholster;play_mus_boss_theme_dragun_01;play_mus_boss_theme_dragun_02;play_mus_boss_theme_gull;play_mus_boss_theme_lich;play_mus_lich_double_01;play_mus_lich_phase_02;play_mus_lich_phase_03;play_mus_lich_transition_03;play_mus_rat_theme_01;play_mus_rat_theme_02;play_mus_ratpunch_intro_01;play_mus_ratpunch_theme_01;play_mus_ratpunch_theme_02;play_mus_ratpunch_theme_03
play_mus_ratpunch_transition_02|0|m,0,-4,0,0,0,0,0|t,0,500,0,0,0,0,0,~play_mus_anthem;play_mus_boss_theme_beholster;play_mus_boss_theme_dragun_01;play_mus_boss_theme_dragun_02;play_mus_boss_theme_gull;play_mus_boss_theme_lich;play_mus_lich_double_01;play_mus_lich_phase_02;play_mus_lich_phase_03;play_mus_lich_transition_03;play_mus_rat_theme_01;play_mus_rat_theme_02;play_mus_ratpunch_intro_01;play_mus_ratpunch_theme_01;play_mus_ratpunch_theme_02;play_mus_ratpunch_theme_03
play_mus_sewer_theme_01|0|m,1,-4,0,0,0,0,0|t,0,0,0,0,0,0,0,@music|x,0,0,0,0,0,0,0,foyer=not_foyer|x,0,0,0,0,0,0,0,dimension=off
play_mus_space_intro_01|0|m,0,-4,0,0,0,0,0
play_mus_space_theme_01|0|m,1,-4,0,0,0,0,0|t,0,0,0,0,0,0,0,@music|x,0,0,0,0,0,0,0,foyer=not_foyer|x,0,0,0,0,0,0,0,dimension=off
play_mus_state_elevator|0|x,0,0,0,0,0,0,0,mus_dungeon_theme=elevator
play_mus_state_reset|0|m,1,-4,0,0,0,0,0|x,0,0,0,0,0,0,0,bullet_time=off|x,0,0,0,0,0,0,0,foyer=not_foyer|x,0,0,0,0,0,0,0,mus_dungeon_theme=intro|x,0,0,0,0,0,0,0,mus_winchester_theme=drone|x,0,0,0,0,0,0,0,unicorn_horn=off|x,0,0,0,0,0,0,0,secret_revealed=off|x,0,0,0,0,0,0,0,time_bell=off|x,0,0,0,0,0,0,0,dimension=off|x,0,0,0,0,0,0,0,music_dip=off|x,0,0,0,0,0,0,0,music_dip=off
play_mus_state_sorceress|0|x,0,0,0,0,0,0,0,mus_dungeon_theme=sorceress
play_mus_state_unicornhorn_01|0|m,1,-4,0,0,0,0,0|x,0,0,0,0,0,0,0,unicorn_horn=on
play_mus_state_winner|0|x,0,0,0,0,0,0,0,mus_dungeon_theme=win_state
play_mus_title_theme_01|0|m,1,-4,0,0,0,0,0|x,0,0,0,0,0,0,0,foyer=not_foyer
play_mus_victory_theme_01|0|m,1,-4,0,0,0,0,0|t,0,0,0,0,0,0,0,~play_mus_anthem;play_mus_boss_theme_beholster;play_mus_boss_theme_dragun_01;play_mus_boss_theme_dragun_02;play_mus_boss_theme_gull;play_mus_boss_theme_lich;play_mus_lich_double_01;play_mus_lich_phase_02;play_mus_lich_phase_03;play_mus_lich_transition_03;play_mus_rat_theme_01;play_mus_rat_theme_02;play_mus_ratpunch_intro_01;play_mus_ratpunch_theme_01;play_mus_ratpunch_theme_02;play_mus_ratpunch_theme_03|t,0,500,0,0,0,0,0,@music
play_mus_winchester_state_drone|0|x,0,0,0,0,0,0,0,mus_winchester_theme=drone
play_mus_winchester_state_game|0|x,0,0,0,0,0,0,0,mus_winchester_theme=loop_a
play_npc_babydragun_munch_01|0|s,0,-7,530,0,0,0,0,898700541,-5,153
play_npc_blessing_gunalt_01|0|s,0,0,0,0,0,0,0,319919971,-5,25
play_npc_blessing_rainbow_get_01|0|s,0,-1,0,0,0,0,0,632595890,-5,25
play_npc_blessing_rainbow_remove_01|0|s,0,-1,0,0,0,0,0,341529691,-5,25
play_npc_blessing_slow_tonic_01|0|s,0,0,0,0,0,0,0,780472958,-5,25
play_npc_blessing_speed_tonic_01|0|s,0,3,0,0,0,0,0,398070316,-5,25
play_npc_blessing_synergy_get_01|0|s,0,0,0,0,0,0,0,32235763,-5,25
play_npc_creep_creeping_01|3|s,0,0,0,0,0,0,0,233815478,-5,153|s,0,0,0,0,0,0,0,160967139,-5,153|s,0,0,0,0,0,0,0,739012007,-5,153|r,0,-15,400,0,0,0,0,0:1:2
play_npc_faerie_heal_01|0|s,0,2,0,0,0,0,0,409813865,-5,25
play_npc_gunball_dispense_01|0|s,0,0,0,0,0,0,0,329007718,-5,25
play_npc_magic_blessing_01|0|s,0,0,-100,0,0,0,0,355765056,-5,25
play_obj_ammo_pickup_01|1|s,0,0,0,0,0,0,0,504941319,-5,25|l,0,-4,0,0,0,0,0,0
play_obj_ammo_suck_01|3|s,0,-5,300,0,0,-100,0,305091405,-5,153|s,0,-8,-350,0,0,-50,50,1036901426,-5,25|l,0,0,0,0,0,0,0,0:1|l,0,-4,0,0,0,0,0,2
play_obj_anvil_strike_01|1|s,0,-20,300,0,0,0,50,887215653,-5,25|l,0,1,0,0,0,0,0,0
play_obj_armor_collapse_01|4|s,0,0,0,0,0,-300,300,755438230,-5,25|s,0,0,0,0,0,0,0,337472217,-5,25|s,0,0,0,0,0,0,0,553098897,-5,25|r,0,-3,200,0,0,-100,100,0:1:2|l,0,1,0,0,0,0,0,3
play_obj_ash_burst_01|3|s,0,0,0,0,0,0,0,613164397,-5,153|s,0,0,0,0,0,0,0,82643966,-5,153|r,0,3,0,0,0,-100,100,0:1|l,0,1,0,0,0,0,0,2
play_obj_barrel_break_01|4|s,0,0,0,0,0,0,0,938759983,-5,25|s,0,0,0,0,0,0,0,1035516873,-5,25|s,0,0,0,0,0,0,0,171754167,-5,25|r,0,-10,0,0,0,-100,200,0:1:2|l,0,1,0,0,0,0,0,3
play_obj_blackchest_spawn_01|1|s,0,3,0,0,0,0,0,549349218,-5,25|l,0,1,0,0,0,0,0,0
play_obj_blackhole_close_01|0|s,0,0,-300,-8,0,-100,100,698369173,-5,25|t,0,1000,0,0,0,0,0,#play_obj_blackhole_vortex_01
play_obj_blackhole_vortex_01|5|s,0,2,0,0,0,0,0,386450479,-5,153|s,1,0,0,0,0,0,0,345360284,-5,153|s,1,0,0,0,0,0,0,1063960559,-5,153|r,0,0,0,0,0,0,0,1:2|l,0,0,0,0,0,0,0,0:3|l,0,-4,0,0,0,0,0,4
play_obj_bloodybullet_proc_01|1|s,0,-4,0,0,0,-100,100,215645095,-5,25|l,0,-4,0,0,0,0,0,0
play_obj_bomb_fuse_01|4|s,0,-5,0,0,0,0,0,925332259,-5,25|l,0,-4,0,0,0,0,0,0|s,0,-10,-300,0,0,-300,0,976261244,-5,25|l,0,-4,0,0,0,0,0,2|l,0,0,0,0,0,0,0,1:3
play_obj_book_drop_01|4|s,0,0,0,0,0,0,0,914815960,-5,153|s,0,0,0,0,0,0,0,747053912,-5,153|s,0,0,0,0,0,0,0,926437391,-5,153|r,0,-5,0,0,0,-200,200,0:1:2|l,0,1,0,0,0,0,0,3
play_obj_bossdoor_open_01|1|s,0,5,-100,0,0,0,0,433850242,-5,25|l,0,1,0,0,0,0,0,0
play_obj_bottle_cork_01|1|s,0,-5,0,0,0,0,100,912643851,-5,25|l,0,-4,0,0,0,0,0,0
play_obj_boulder_break_01|4|s,0,0,0,0,0,0,0,114676994,-5,153,1,0|s,0,0,0,0,0,0,0,701543508,-5,153,1,0|s,0,0,0,0,0,0,0,950025933,-5,153,1,0|r,0,-10,-100,0,0,-50,50,0:1:2|l,0,1,0,0,0,0,0,3
play_obj_boulder_crash_01|1|s,0,-5,-100,0,0,0,0,459458208,-5,25|l,0,1,0,0,0,0,0,0
play_obj_bowler_burn_01|0|s,1,-18,300,0,0,0,0,623917443,-5,9,2,0
play_obj_bowler_flame_01|0|s,0,-5,0,0,0,-200,200,343287110,-5,9,1,1
play_obj_bowler_ignite_01|1|s,0,0,0,0,0,0,0,272940713,-5,25|l,0,1,0,0,0,0,0,0
play_obj_box_break_01|3|s,0,0,0,0,0,0,0,935412715,-5,153|s,0,0,0,0,0,0,0,596101550,-5,153|r,0,1,0,0,0,0,200,0:1|l,0,1,0,0,0,0,0,2
play_obj_box_cover_01|1|s,0,0,0,0,0,0,0,312269813,-5,25|l,0,-4,0,0,0,0,0,0
play_obj_box_uncover_01|1|s,0,0,0,0,0,0,0,230301679,-5,25|l,0,-4,0,0,0,0,0,0
play_obj_brazier_flip_01|1|s,0,0,0,0,0,-50,50,951782137,-5,25|l,0,1,0,0,0,0,0,0
play_obj_bullet_stomp_01|6|s,0,0,0,0,0,0,0,227951183,-5,153|s,0,5,0,0,0,0,0,121719457,-5,153|r,0,-10,0,0,0,-300,100,0:1|l,0,1,0,0,0,0,0,2|s,0,-9,0,0,0,0,0,142510994,-5,217,2,0|l,0,3,0,0,0,0,0,4|l,0,0,0,0,0,0,0,3:5
play_obj_bush_whack_01|4|s,0,0,0,0,0,0,0,1043792363,-5,153|s,0,0,0,0,0,0,0,410027358,-5,153|s,0,0,0,0,0,0,0,214522146,-5,153|r,0,-15,-200,0,0,-100,100,0:1:2|l,0,1,0,0,0,0,0,3
play_obj_candle_fall_01|4|s,0,0,0,0,0,0,0,917154917,-5,25,6,0|s,0,0,0,0,0,0,0,117307289,-5,25,6,0|s,0,0,0,0,0,0,0,417497849,-5,25,6,0|r,0,-16,300,0,0,-100,100,0:1:2|l,0,1,0,0,0,0,0,3
play_obj_candle_splat_01|3|s,0,0,0,0,0,0,0,817844021,-5,153|s,0,0,0,0,0,0,0,69458012,-5,153|r,0,-15,-330,0,0,-100,0,0:1|l,0,1,0,0,0,0,0,2
play_obj_car_drive_01|1|s,0,0,0,0,0,0,0,308588027,-5,25|l,0,1,0,0,0,0,0,0
play_obj_cardoor_close_01|1|s,0,0,0,0,0,0,0,751228725,-5,25|l,0,1,0,0,0,0,0,0
play_obj_cardoor_open_01|1|s,0,0,0,0,0,0,0,398657170,-5,25|l,0,1,0,0,0,0,0,0
play_obj_cauldron_splash_01|1|s,0,-10,0,0,0,0,0,696513073,-5,25|l,0,1,0,0,0,0,0,0
play_obj_cauldron_use_01|1|s,0,-15,0,0,0,0,0,500854739,-5,25|l,0,1,0,0,0,0,0,0
play_obj_cell_explode_01|1|s,0,0,0,0,0,0,0,385633933,-5,25|l,0,1,0,0,0,0,0,0
play_obj_chaff_blast_01|1|s,0,0,0,0,0,0,0,658472711,-5,25|l,0,-4,0,0,0,0,0,0
play_obj_chain_switch_01|1|s,0,-13,0,0,0,0,0,1036733124,-5,25|l,0,1,0,0,0,0,0,0
play_obj_chainpot_drop_01|1|s,0,-8,-200,0,0,-200,0,985933430,-5,25|l,0,1,0,0,0,0,0,0
play_obj_chair_break_01|3|s,0,0,0,0,0,0,0,584237923,-5,153|s,0,0,0,0,0,0,0,835384112,-5,153|r,0,0,0,0,0,-100,200,0:1|l,0,1,0,0,0,0,0,2
play_obj_chalice_clank_01|1|s,0,-12,0,0,0,-100,100,496593986,-5,25,1,1|l,0,1,0,0,0,0,0,0
play_obj_chandelier_impact_01|8|s,0,0,100,0,0,0,0,748623918,-5,25,4,0|s,0,0,100,0,0,0,0,815247285,-5,25,4,0|r,0,-4,100,0,0,-50,100,0:1|l,0,1,0,0,0,0,0,2|s,0,0,0,0,0,0,0,360630495,-5,25|s,0,0,0,0,0,0,0,399852300,-5,25|s,0,0,0,0,0,0,0,556365599,-5,25|r,0,0,-100,0,0,0,0,4:5:6|l,0,0,0,0,0,0,0,3:7
play_obj_charmhorn_use_01|1|s,0,2,100,0,0,0,0,117991235,-5,25,1,1|l,0,-4,0,0,0,0,0,0
play_obj_chest_open_01|1|s,0,3,-100,0,0,0,0,274493964,-5,25|l,0,1,0,0,0,0,0,0
play_obj_chest_shake_01|1|s,0,-10,0,0,0,-200,200,1013065736,-5,25|l,0,1,0,0,0,0,0,0
play_obj_chest_surprise_01|1|s,0,-3,0,0,0,0,0,550732286,-5,25|l,0,1,0,0,0,0,0,0
play_obj_chest_synergy_lose_01|1|s,0,0,0,0,0,0,0,745857922,-5,25|l,0,1,0,0,0,0,0,0
play_obj_chest_synergy_slots_01|1|s,0,-12,0,0,0,0,0,188034192,-5,25|l,0,1,0,0,0,0,0,0
play_obj_chest_synergy_win_01|1|s,0,0,0,0,0,0,0,84116464,-5,25|l,0,1,0,0,0,0,0,0
play_obj_chest_unlock_01|1|s,0,-7,0,0,0,0,0,378784674,-5,25|l,0,1,0,0,0,0,0,0
play_obj_chestglitch_loop_01|6|s,0,0,0,0,0,0,0,427746799,-5,153|s,0,0,0,0,0,0,0,189206902,-5,153|s,0,0,0,0,0,0,0,25907715,-5,153|r,1,0,0,0,0,-200,500,0:1:2,3,1,3000|s,1,0,-450,0,0,0,0,348294802,-5,153|l,0,-10,0,0,0,0,0,3:4|l,0,1,0,0,0,0,0,5
play_obj_chestwarp_use_01|1|s,0,-10,0,0,0,-50,50,178314312,-5,25|l,0,-4,0,0,0,0,0,0
play_obj_cigarette_throw_01|1|s,0,-15,300,0,0,-300,0,976261244,-5,25|l,0,-4,0,0,0,0,0,0
play_obj_coin_large_01|1|s,0,-1,0,0,0,0,0,760837033,-5,25|l,0,-4,0,0,0,0,0,0
play_obj_coin_medium_01|1|s,0,-6,0,0,0,0,0,647842765,-5,25|l,0,-4,0,0,0,0,0,0
play_obj_coin_small_01|1|s,0,-8,0,0,0,0,0,893828573,-5,25|l,0,-4,0,0,0,0,0,0
play_obj_coin_spill_01|1|s,0,-5,0,0,0,-50,50,739855408,-5,25|l,0,-4,0,0,0,0,0,0
play_obj_compass_point_01|1|s,0,-6,200,0,0,-100,100,634875724,-5,25|l,0,-4,0,0,0,0,0,0
play_obj_computer_boop_01|1|s,0,-5,200,0,0,-50,50,1036901426,-5,25|l,0,-4,0,0,0,0,0,0
play_obj_computer_break_01|3|s,0,0,0,0,0,0,0,405491415,-5,153|s,0,0,0,0,0,0,0,43434999,-5,153|r,0,0,-100,0,0,-50,50,0:1|l,0,1,0,0,0,0,0,2
play_obj_coolant_leak_01|1|s,0,0,100,0,0,-100,100,677852757,-5,25|l,0,-4,0,0,0,0,0,0
play_obj_cryo_freeze_01|1|s,0,-5,430,0,0,0,0,317999029,-5,25|l,0,1,0,0,0,0,0,0
play_obj_cryochamber_close_01|1|s,0,1,0,0,0,0,0,966155471,-5,25|l,0,1,0,0,0,0,0,0
play_obj_crystal_shatter_01|4|s,0,0,0,0,0,0,0,179748898,-5,153|s,0,0,0,0,0,0,0,748881496,-5,153|s,0,0,0,0,0,0,0,1070859991,-5,153|r,0,-3,0,0,0,-400,200,0:1:2|l,0,1,0,0,0,0,0,3
play_obj_crystal_shatter_02|4|s,0,-8,0,0,0,-400,200,179748898,-5,153|s,0,0,0,0,0,0,0,748881496,-5,153|s,0,0,0,0,0,0,0,1070859991,-5,153|r,0,-13,600,0,0,0,0,0:1:2|l,0,1,0,0,0,0,0,3
play_obj_cursepot_loop_01|1|s,1,-12,-280,0,0,-50,100,29492481,-5,25,1,1|l,0,1,0,0,0,0,0,0
play_obj_cursepot_shatter_01|1|s,0,-15,0,0,0,-50,100,728980202,-5,25|l,0,1,0,0,0,0,0,0|t,0,100,0,0,0,0,0,#play_obj_cursepot_loop_01
play_obj_cursepot_wiggle_01|3|s,0,0,0,0,0,0,0,891218623,-5,153|s,0,0,0,0,0,0,0,972750268,-5,153|r,0,-5,0,0,0,0,100,0:1|l,0,1,0,0,0,0,0,2
play_obj_daggershield_shot_01|1|s,0,0,0,0,0,0,0,328790448,-5,25|l,0,-4,0,0,0,0,0,0
play_obj_daggershield_start_01|1|s,0,0,0,0,0,0,0,77037152,-5,25|l,0,-4,0,0,0,0,0,0
play_obj_dead_again_01|1|s,0,-5,0,0,0,-50,50,696920121,-5,25|l,0,-4,0,0,0,0,0,0
play_obj_decoy_trigger_01|1|s,0,0,100,0,0,0,0,180840506,-5,25|l,0,-4,0,0,0,0,0,0
play_obj_desk_flip_01|1|s,0,0,0,0,0,0,0,671789394,-5,25|l,0,1,0,0,0,0,0,0
play_obj_detonate_push_01|1|s,0,-2,0,0,0,0,0,1010342443,-5,25|l,0,1,0,0,0,0,0,0
play_obj_dice_bless_01|1|s,0,-4,-50,0,0,0,0,344983852,-5,25|l,0,-4,0,0,0,0,0,0
play_obj_door_gate_01|1|s,0,-5,0,0,0,0,0,303792733,-5,25|l,0,1,0,0,0,0,0,0
play_obj_door_open_01|1|s,0,3,0,0,0,0,0,762751777,-5,25|l,0,1,0,0,0,0,0,0
play_obj_drum_break_01|3|s,0,0,0,0,0,0,0,467515010,-5,153|s,0,0,0,0,0,0,0,1055479253,-5,153|r,0,-7,0,0,0,0,0,0:1|l,0,1,0,0,0,0,0,2
play_obj_elevator_arrive_01|1|s,0,3,0,0,0,0,0,760211786,-5,25,1,1|l,0,1,0,0,0,0,0,0
play_obj_elevator_depart_02|1|s,0,3,0,0,0,0,0,54229975,-5,25,1,1|l,0,1,0,0,0,0,0,0
play_obj_elevator_leave_01|1|s,0,5,0,0,0,0,0,214321245,-5,25,1,1|l,0,1,0,0,0,0,0,0
play_obj_elevator_spin_01|1|s,0,4,0,0,0,0,0,379905975,-5,25|l,0,1,0,0,0,0,0,0
play_obj_enemy_charmed_01|1|s,0,6,600,0,0,0,250,140822857,-5,153|l,0,-4,0,0,0,0,0,0
play_obj_final_chest_01|1|s,0,-5,0,0,0,0,0,386775038,-5,25|l,0,1,0,0,0,0,0,0
play_obj_floorgrate_open_01|4|s,0,0,0,0,0,0,0,338445485,-5,25|s,0,0,0,0,0,0,0,915294169,-5,25|s,0,0,0,0,0,0,0,694294078,-5,25|r,0,-10,0,0,0,-200,0,0:1:2|l,0,1,0,0,0,0,0,3
play_obj_fortune_shield_01|4|s,0,0,500,0,0,-100,100,1072343033,-5,25|l,0,-4,0,0,0,0,0,0|s,0,-5,200,0,0,-50,50,1036901426,-5,25|l,0,-4,0,0,0,0,0,2|l,0,0,0,0,0,0,0,1:3
play_obj_fuse_loop_01|1|s,1,-15,300,0,0,0,0,85790195,-5,25|l,0,1,0,0,0,0,0,0
play_obj_gate_open_01|1|s,0,3,-200,0,0,0,0,914880030,-5,25,1,1|l,0,1,0,0,0,0,0,0
play_obj_gate_slam_01|1|s,0,4,-550,0,0,-200,200,131835744,-5,25,1,1|l,0,1,0,0,0,0,0,0
play_obj_glass_break_01|3|s,0,0,0,0,0,0,0,191722730,-5,153|s,0,0,0,0,0,0,0,270804722,-5,153|r,0,-3,0,0,0,-100,200,0:1|l,0,1,0,0,0,0,0,2
play_obj_glass_shatter_01|5|s,0,0,0,0,0,0,0,232901528,-5,25|s,0,0,0,0,0,0,0,426388186,-5,25|s,0,0,0,0,0,0,0,252587261,-5,25|s,0,0,0,0,0,0,0,750393034,-5,25|r,0,-10,0,0,0,-50,50,0:1:2:3|l,0,1,0,0,0,0,0,4
play_obj_glassbottle_shatter_01|1|s,0,-2,-510,0,0,0,200,315133962,-5,25|l,0,1,0,0,0,0,0,0
play_obj_goldenlock_open_01|1|s,0,-1,0,0,0,0,0,48619180,-5,25|l,0,1,0,0,0,0,0,0
play_obj_goldkey_pickup_01|1|s,0,-3,-300,0,0,0,0,402150124,-5,25|l,0,-4,0,0,0,0,0,0
play_obj_grate_fall_01|1|s,0,0,0,0,0,0,0,112280805,-5,25|l,0,1,0,0,0,0,0,0,0,0
play_obj_heart_heal_01|1|s,0,1,0,0,0,0,0,204509540,-5,25|l,0,-4,0,0,0,0,0,0
play_obj_hook_pull_01|3|s,0,0,0,0,0,0,0,836929558,-5,153|s,0,0,0,0,0,0,0,667712469,-5,153|s,0,0,0,0,0,0,0,561950169,-5,153|r,0,0,100,0,0,-100,0,0:1:2
play_obj_hook_shot_01|1|s,0,0,0,0,0,-100,100,884218535,-5,25|l,0,-4,0,0,0,0,0,0
play_obj_hugedoor_close_01|1|s,0,3,0,0,0,0,0,145213450,-5,25|l,0,1,0,0,0,0,0,0|t,0,0,0,0,0,0,0,play_obj_gate_slam_01
play_obj_hugedoor_open_01|1|s,0,3,0,0,0,0,0,770938495,-5,25|l,0,1,0,0,0,0,0,0
play_obj_ironcoin_flip_01|1|s,0,-3,0,0,0,0,0,566404250,-5,25|l,0,-4,0,0,0,0,0,0
play_obj_ironcoin_wish_01|1|s,0,-4,0,0,0,0,0,494962203,-5,25|l,0,-4,0,0,0,0,0,0
play_obj_item_pickup_01|1|s,0,2,-100,0,0,0,0,482962643,-5,25|l,0,-4,0,0,0,0,0,0
play_obj_item_purchase_01|1|s,0,0,0,0,0,0,0,565432800,-5,25|l,0,-4,0,0,0,0,0,0
play_obj_item_spawn_01|1|s,0,2,400,0,0,0,0,208145197,-5,25|l,0,-4,0,0,0,0,0,0
play_obj_item_throw_01|1|s,0,-10,-300,0,0,-300,0,976261244,-5,25|l,0,-4,0,0,0,0,0,0
play_obj_jetpack_start_01|3|s,1,-8,0,0,0,0,0,872963768,-5,25|s,0,0,0,0,0,0,0,61809690,-5,25|l,0,-10,0,0,0,0,0,0:1|l,0,-4,0,0,0,0,0,2
play_obj_katana_slash_01|4|s,0,0,0,0,0,0,0,472893548,-5,153|s,0,0,0,0,0,0,0,874389503,-5,153|s,0,0,0,0,0,0,0,414832105,-5,153|r,0,-5,530,0,0,-50,100,0:1:2|l,0,-4,0,0,0,0,0,3
play_obj_key_impact_01|0|s,0,0,0,0,0,0,0,407713857,-5,25
play_obj_key_pickup_01|1|s,0,3,0,0,0,0,0,402150124,-5,25|l,0,-4,0,0,0,0,0,0
play_obj_lamentbox_open_01|1|s,0,-5,0,0,0,0,0,529198131,-5,25|l,0,-4,0,0,0,0,0,0
play_obj_lamentbox_use_01|1|s,0,-5,0,0,0,0,0,902172999,-5,25|l,0,-4,0,0,0,0,0,0
play_obj_lantern_shatter_01|1|s,0,-7,0,0,0,-200,0,908409193,-5,25|l,0,1,0,0,0,0,0,0
play_obj_lightning_flash_01|1|s,0,0,300,0,0,-200,0,903371250,-5,25|l,0,-4,0,0,0,0,0,0
play_obj_lock_jiggle_01|1|s,0,3,0,0,0,0,0,536809351,-5,25|l,0,1,0,0,0,0,0,0
play_obj_lock_pick_01|1|s,0,0,100,0,0,0,0,511784765,-5,25|l,0,-4,0,0,0,0,0,0
play_obj_lock_unlock_01|1|s,0,-15,500,0,0,0,0,1010342443,-5,25|l,0,1,0,0,0,0,0,0
play_obj_med_kit_01|1|s,0,0,0,0,0,0,0,376441434,-5,25|l,0,-4,0,0,0,0,0,0
play_obj_metacoin_collect_01|1|s,0,0,800,0,0,0,0,9743618,-5,25|l,0,-4,0,0,0,0,0,0
play_obj_metalskin_activate_01|1|s,0,0,0,0,0,0,0,378771339,-5,25|l,0,-4,0,0,0,0,0,0
play_obj_metalskin_deflect_01|1|s,0,-10,0,0,0,-50,50,744552677,-5,25|l,0,-4,0,0,0,0,0,0
play_obj_metalskin_end_01|1|s,0,-5,-350,0,0,0,0,378771339,-5,25,2,0|l,0,-4,0,0,0,0,0,0
play_obj_metroid_roll_01|1|s,0,-17,230,0,0,-100,100,281348659,-5,25|l,0,-4,0,0,0,0,0,0
play_obj_metronome_fail_01|1|s,0,-7,0,0,0,0,0,170504071,-5,25|l,0,-4,0,0,0,0,0,0
play_obj_metronome_jingle_01|1|s,0,-6,200,0,0,0,0,400451152,-5,25|l,0,-4,0,0,0,0,0,0
play_obj_mine_beep_01|1|s,0,-20,0,0,0,0,0,1037752115,-5,25|l,0,-4,0,0,0,0,0,0
play_obj_mine_set_01|1|s,0,-10,0,0,0,0,0,389188394,-5,25|l,0,-4,0,0,0,0,0,0
play_obj_minecart_brake_01|1|s,0,-13,0,0,0,-500,200,1055869291,-5,25|l,0,1,0,0,0,0,0,0
play_obj_minecart_loop_01|1|s,1,-2,600,0,0,0,0,291598720,-5,25|l,0,1,0,0,0,0,0,0
play_obj_mirror_shatter_01|1|s,0,-2,0,0,0,0,200,27323063,-5,25|l,0,1,0,0,0,0,0,0
play_obj_moondoor_close_01|1|s,0,-3,-180,0,0,0,0,295942267,-5,25|l,0,1,0,0,0,0,0,0
play_obj_nuke_blast_01|1|s,0,5,-200,0,0,0,0,1010873937,-5,25|l,0,-4,0,0,0,0,0,0
play_obj_orange_love_01|1|s,0,-20,80,0,0,0,0,1010487053,-5,25|l,0,-4,0,0,0,0,0,0
play_obj_passive_get_01|1|s,0,2,0,0,0,0,0,219850235,-5,25|l,0,-4,0,0,0,0,0,0
play_obj_pastkiller_charge_01|3|s,1,-3,200,0,0,0,0,278278389,-5,153,1,1|s,0,0,0,0,0,0,0,767570892,-5,153|l,0,0,-450,0,0,0,0,0:1|l,0,1,0,0,0,0,0,2
play_obj_paydaydrill_end_01|1|s,0,-9,0,0,0,0,0,90668115,-5,25|l,0,-4,0,0,0,0,0,0
play_obj_paydaydrill_loop_01|1|s,1,-15,0,0,0,0,0,71538810,-5,25|l,0,-4,0,0,0,0,0,0
play_obj_paydaydrill_start_01|1|s,0,0,0,0,0,0,0,1061710375,-5,25|l,0,-4,0,0,0,0,0,0
play_obj_plank_break_01|1|s,0,-8,0,0,0,0,0,117087030,-5,25|l,0,1,0,0,0,0,0,0
play_obj_plate_press_01|1|s,0,0,100,0,0,0,0,581670067,-5,25|l,0,1,0,0,0,0,0,0
play_obj_platter_crunch_01|1|s,0,-16,0,0,0,-200,300,569795465,-5,25,1,1|l,0,1,0,0,0,0,0,0
play_obj_poisonvial_shatter_01|3|s,0,0,0,0,0,0,0,487331682,-5,25|s,0,0,0,0,0,0,0,365588994,-5,25|r,0,-5,0,0,0,-200,0,0:1|l,0,-4,0,0,0,0,0,2
play_obj_pot_shatter_01|4|s,0,2,0,0,0,0,0,700140935,-5,25|s,0,0,0,0,0,0,0,496227592,-5,25|s,0,0,0,0,0,0,0,113018456,-5,25|r,0,-10,0,0,0,-100,100,0:1:2|l,0,1,0,0,0,0,0,3
play_obj_power_up_01|1|s,0,-1,-300,0,0,0,0,764341105,-5,25|l,0,-4,0,0,0,0,0,0
play_obj_powerstar_use_01|3|s,1,-5,180,0,0,0,0,709403355,-5,153|s,0,-3,0,0,0,0,0,232387877,-5,153|l,0,-3,280,0,0,0,0,0:1|l,0,-4,0,0,0,0,0,2
play_obj_prize_won_01|1|s,0,0,0,0,0,0,0,350816923,-5,25|l,0,1,0,0,0,0,0,0
play_obj_purchase_unable_01|1|s,0,-4,600,0,0,0,0,523809329,-5,25|l,0,-4,0,0,0,0,0,0
play_obj_redchest_spawn_01|1|s,0,3,0,0,0,0,0,1068259848,-5,25|l,0,1,0,0,0,0,0,0
play_obj_rock_break_01|4|s,0,0,0,0,0,0,0,497041843,-5,153,1,0|s,0,0,0,0,0,0,0,190833036,-5,153,1,0|s,0,0,0,0,0,0,0,509379737,-5,153,1,0|r,0,-10,-100,0,0,-50,0,0:1:2|l,0,1,0,0,0,0,0,3
play_obj_rope_escape_01|1|s,0,0,0,0,0,0,0,82284014,-5,25|l,0,-4,0,0,0,0,0,0
play_obj_secret_door_01|1|s,0,3,-400,0,0,0,0,719625906,-5,25|l,0,1,0,0,0,0,0,0
play_obj_secret_switch_01|1|s,0,-3,-100,0,0,0,0,1036733124,-5,25|l,0,1,0,0,0,0,0,0
play_obj_shells_shower_01|1|s,1,-15,0,0,0,0,0,920213615,-5,25,1,1|l,0,1,0,0,0,0,0,0
play_obj_shrine_accept_01|1|s,0,7,100,0,0,0,0,1022493269,-5,1|l,0,-1,0,0,0,0,0,0
play_obj_silenceblank_small_01|1|s,0,-5,400,0,0,-100,200,34986896,-5,25|l,0,-4,0,0,0,0,0,0
play_obj_silenceblank_use_01|1|s,0,2,0,0,0,-100,200,34986896,-5,25|l,0,-4,0,0,0,0,0,0
play_obj_skeleton_collapse_01|4|s,0,0,0,0,0,0,0,522547388,-5,153|s,0,0,0,0,0,0,0,692876011,-5,153|s,0,0,0,0,0,0,0,260754909,-5,153|r,0,-13,-100,0,0,-200,0,0:1:2|l,0,1,0,0,0,0,0,3
play_obj_slipsign_break_01|3|s,0,0,0,0,0,0,0,117980100,-5,153|s,0,0,0,0,0,0,0,206785954,-5,153|r,0,0,0,0,0,-100,100,0:1|l,0,1,0,0,0,0,0,2
play_obj_smallchest_spawn_01|1|s,0,5,50,0,0,0,0,881168803,-5,25|l,0,1,0,0,0,0,0,0
play_obj_spears_clank_01|1|s,0,-10,-100,0,0,0,0,53351106,-5,25|l,0,1,0,0,0,0,0,0
play_obj_spears_open_01|1|s,0,-10,0,0,0,0,0,53110811,-5,25|l,0,1,0,0,0,0,0,0
play_obj_stone_crumble_01|1|s,0,-5,-300,0,0,0,0,236271871,-5,25,1,1|l,0,1,0,0,0,0,0,0
play_obj_supplycrate_open_01|1|s,0,0,0,0,0,0,0,631968050,-5,25|l,0,-4,0,0,0,0,0,0
play_obj_supplydrop_activate_01|1|s,0,0,0,0,0,0,0,653322924,-5,25|l,0,-4,0,0,0,0,0,0
play_obj_synergy_get_01|1|s,0,4,-330,0,0,0,0,296152028,-5,25|l,0,-4,0,0,0,0,0,0
play_obj_table_flip_01|4|s,0,0,0,0,0,0,0,873503763,-5,25|s,0,0,0,0,0,0,0,189569884,-5,25|s,0,0,0,0,0,0,0,966647217,-5,25|r,0,-5,0,0,0,-180,0,0:1:2|l,0,1,0,0,0,0,0,3
play_obj_teleport_activate_01|1|s,0,4,0,0,0,0,0,202504002,-5,25|l,0,1,0,0,0,0,0,0
play_obj_teleport_arrive_01|1|s,0,-7,0,0,0,0,0,610912078,-5,25|l,0,1,0,0,0,0,0,0
play_obj_teleport_depart_01|1|s,0,-7,0,0,0,0,0,363885235,-5,25|l,0,1,0,0,0,0,0,0
play_obj_time_bell_01|1|s,0,2,0,0,0,0,0,860853793,-5,25|l,0,-4,0,0,0,0,0,0|x,0,0,0,0,0,0,0,time_bell=on|p,0,0,0,0,0,0,0,@sfx6|x,0,0,5500,0,0,0,0,time_bell=off|u,0,0,5500,0,0,0,0,@sfx6
play_obj_time_zone_01|4|s,0,2,-380,0,0,-200,0,50373375,-5,25|l,0,-4,0,0,0,0,0,0|s,0,-5,0,0,0,-50,50,696920121,-5,25|l,0,-4,0,0,0,0,0,2|l,0,0,0,0,0,0,0,1:3
play_obj_toilet_break_01|3|s,0,0,0,0,0,0,0,884552522,-5,153|s,0,0,0,0,0,0,0,777725573,-5,153|r,0,0,0,0,0,0,250,0:1|l,0,1,0,0,0,0,0,2
play_obj_trashbag_burst_01|1|s,0,-10,0,-6,0,-300,200,758578974,-5,25|l,0,1,0,0,0,0,0,0
play_obj_turret_fade_01|1|s,0,0,0,0,0,0,0,208174151,-5,25|l,0,-4,0,0,0,0,0,0
play_obj_turret_set_01|1|s,0,-1,0,0,0,0,0,1015460185,-5,25|l,0,-4,0,0,0,0,0,0
play_obj_tv_bounce_01|4|s,0,0,0,0,0,0,0,813873570,-5,25|s,0,0,0,0,0,0,0,456653640,-5,25|s,0,0,0,0,0,0,0,982246839,-5,25|r,0,-10,200,0,0,-100,100,0:1:2|l,0,-4,0,0,0,0,0,3
play_obj_vent_break_01|3|s,0,0,0,0,0,0,0,146277133,-5,153|s,0,0,0,0,0,0,0,443785709,-5,153|r,0,-10,0,0,0,-100,100,0:1|l,0,1,0,0,0,0,0,2
play_obj_wall_reveal_01|1|s,0,-5,-180,0,0,0,0,295942267,-5,25|l,0,1,0,0,0,0,0,0
play_obj_water_flow_01|1|s,0,0,0,-4,0,-100,100,58109506,-5,25|l,0,1,0,0,0,0,0,0
play_obj_weapon_pickup_01|1|s,0,-2,0,0,0,0,0,467534172,-5,25|l,0,-4,0,0,0,0,0,0
play_pet_chicken_cluck_01|5|s,0,0,0,0,0,0,0,241755320,-5,153,1,1|s,0,0,0,0,0,0,0,23905509,-5,153,1,1|s,0,0,0,0,0,0,0,260490644,-5,153,1,1|s,0,0,0,0,0,0,0,475933516,-5,153,1,1|r,0,-1,0,-5,0,-200,200,0:1:2:3|l,0,-4,0,0,0,0,0,4
play_pet_chicken_summon_01|3|s,0,0,0,0,0,0,0,680543518,-5,153,2,1|s,0,0,0,0,0,0,0,484184872,-5,153,2,1|r,0,-2,0,0,0,-100,100,0:1|l,0,-4,0,0,0,0,0,2
play_pet_dog_bark_01|1|s,0,-7,150,0,0,-100,200,917490163,-5,25|l,0,-4,0,0,0,0,0,0
play_pet_dog_bark_02|1|s,0,-12,130,0,0,0,0,917490163,-5,25|l,0,-4,0,0,0,0,0,0
play_pet_dog_dig_01|3|s,0,0,0,0,0,0,0,1058903812,-5,153|s,0,0,0,0,0,0,0,669491768,-5,153|r,0,7,0,0,0,-200,0,0:1|l,0,-4,0,0,0,0,0,2
play_pet_junk_punch_01|1|s,0,-14,0,0,0,-200,0,633381739,-5,25|l,0,-4,0,0,0,0,0,0
play_pet_junk_slash_01|1|s,0,-11,230,0,0,-100,200,207482091,-5,25|l,0,-4,0,0,0,0,0,0
play_pet_junk_spin_01|3|s,0,0,0,0,0,0,0,613887496,-5,153|s,0,0,0,0,0,0,0,729649162,-5,153|r,0,3,0,0,0,-150,0,0:1|l,0,-4,0,0,0,0,0,2
play_pet_junk_splat_01|4|s,0,0,0,0,0,0,0,1040341608,-5,153|s,0,0,0,0,0,0,0,150427047,-5,153|s,0,0,0,0,0,0,0,243381055,-5,153|r,0,0,0,0,0,-50,50,0:1:2|l,0,-4,0,0,0,0,0,3
play_pet_owl_hoot_01|1|s,0,5,0,0,0,-100,100,602809750,-5,25|l,0,-4,0,0,0,0,0,0
play_pet_pig_cry_01|1|s,0,-1,1010,0,0,0,0,490320936,-5,153|l,0,-4,0,0,0,0,0,0
play_pet_tiny_chomp_01|1|s,0,-7,280,0,0,-200,100,693349599,-5,25|l,0,-4,0,0,0,0,0,0
play_pet_wolf_bark_01|1|s,0,-6,-100,0,0,-200,0,1027269633,-5,25,1,1|l,0,-4,0,0,0,0,0,0,0,50
play_pet_wolf_bite_01|1|s,0,-5,0,0,0,0,200,440287307,-5,25,1,1|l,0,-4,0,0,0,0,0,0,0,50
play_pet_wolf_growl_01|1|s,0,-5,0,0,0,-200,0,55876490,-5,25,1,1|l,0,-4,0,0,0,0,0,0,0,70
play_respawn|4|s,0,-5,0,0,0,0,0,301388213,-5,25|s,0,-5,0,0,0,0,0,805167117,-5,25|s,0,-5,0,0,0,0,0,905062205,-5,25|s,0,-6,0,0,0,0,0,416118625,-5,25|w,0,0,0,0,0,0,0,3263119794,1763303005,2076933349=0,1930240631=1,942981647=2,1223216882=3,1763303005=3,1128456955=3,842837903=2,3162012294=0,1256513485=3,1733077369=3
play_roll|15|s,0,0,0,0,0,0,0,265944561,-5,25|s,0,0,0,0,0,0,0,851858114,-5,25|s,0,0,0,0,0,0,0,721653017,-5,25|r,0,-10,300,0,0,-100,100,0:1:2|s,0,0,0,0,0,0,0,813873570,-5,25|s,0,0,0,0,0,0,0,456653640,-5,25|s,0,0,0,0,0,0,0,982246839,-5,25|r,0,-18,0,0,0,-100,100,4:5:6|s,0,0,0,0,0,0,0,802075945,-5,25|s,0,0,0,0,0,0,0,356832459,-5,25|s,0,0,0,0,0,0,0,204511328,-5,25|r,0,-10,0,-3,0,-50,50,8:9:10|s,0,0,0,0,0,0,0,155559175,-5,153|s,0,0,0,0,0,0,0,562616322,-5,153|r,0,-12,0,0,0,-100,100,12:13|w,0,0,0,0,0,0,0,3263119794,1763303005,2076933349=3,1930240631=7,1223216882=11,1763303005=11,1128456955=11,842837903=3,3162012294=3,2381119915=3,1256513485=14,1733077369=11
play_s_enm_statue_intro_01|1|s,0,-10,0,0,0,0,0,200688510,-5,89|l,0,3,0,0,0,0,0,0
play_state_volume_lower_01|0|x,0,0,0,0,0,0,0,music_dip=on
play_trp_bullet_shot_01|4|s,0,0,0,0,0,0,0,745384585,-5,9,25,0|s,0,0,0,0,0,0,0,1059884625,-5,9,25,0|s,0,0,0,0,0,0,0,395489726,-5,9,25,0|r,0,-13,-200,0,0,-50,50,0:1:2|l,0,-1,0,0,0,0,0,3
play_trp_flame_torch_01|1|s,0,-5,200,0,0,0,100,152064598,-5,9,25,0|l,0,-1,0,0,0,0,0,0
play_ui_ammonomicon_intro_01|1|s,0,0,0,0,0,0,0,651161635,-2,2|l,0,-1,0,0,0,0,0,0
play_ui_ammonomicon_open_01|1|s,0,0,0,0,0,0,0,876581882,-2,2|l,0,-1,0,0,0,0,0,0
play_ui_boss_intro_01|1|s,0,6,100,0,0,0,0,469236070,-2,2|l,0,-1,0,0,0,0,0,0
play_ui_card_open_01|1|s,0,2,0,0,0,0,0,816128242,-2,2|l,0,-1,0,0,0,0,0,0
play_ui_challenge_clear_01|4|s,0,4,400,0,0,0,0,352708404,-2,130|l,0,-1,0,0,0,0,0,0|s,0,6,200,0,0,0,0,873623091,-2,2|l,0,-1,0,0,0,0,0,2|l,0,0,0,0,0,0,0,1:3
play_ui_cooldown_ready_01|1|s,0,2,0,0,0,0,0,950539918,-5,1|l,0,-1,0,0,0,0,0,0
play_ui_gameover_lockon_01|1|s,0,2,-80,0,0,0,0,651414609,-5,1|l,0,-1,0,0,0,0,0,0
play_ui_gameover_reticle_01|4|s,0,2,0,0,0,0,0,10665726,-5,1|l,0,-1,0,0,0,0,0,0|s,0,2,-80,0,0,0,0,651414609,-5,1|l,0,-1,0,0,0,0,0,2,0,0|l,0,0,0,0,0,0,0,1:3
play_ui_gameover_shot_01|1|s,0,3,-100,0,0,0,0,799268177,-5,1|l,0,-1,0,0,0,0,0,0
play_ui_gameover_start_01|1|s,0,7,0,0,0,0,0,1037216309,-5,1|l,0,-1,0,0,0,0,0,0
play_ui_map_open_01|1|s,0,4,0,0,0,-200,200,444618126,-2,2|l,0,-1,0,0,0,0,0,0
play_ui_menu_back_01|1|s,0,-2,0,0,0,0,0,676297199,-2,2|l,0,-1,0,0,0,0,0,0|t,0,0,0,0,0,0,0,play_ui_menu_select_01|t,0,0,0,0,0,0,0,play_ui_menu_confirm_01
play_ui_menu_cancel_01|1|s,0,-2,0,0,0,0,0,676297199,-2,2|l,0,-1,0,0,0,0,0,0|u,0,0,0,0,0,0,0,@sfx3
play_ui_menu_characterselect_01|1|s,0,-3,0,0,0,0,0,873623091,-2,2|l,0,-1,0,0,0,0,0,0|t,0,0,0,0,0,0,0,play_ui_menu_confirm_01|t,0,0,0,0,0,0,0,play_ui_menu_select_01
play_ui_menu_confirm_01|1|s,0,0,0,0,0,0,0,649130100,-2,2|l,0,-1,0,0,0,0,0,0|t,0,0,0,0,0,0,0,play_ui_menu_select_01
play_ui_menu_pause_01|1|s,0,0,0,0,0,0,0,500274322,-2,2|l,0,-1,0,0,0,0,0,0|p,0,0,0,0,0,0,0,@sfx3|x,0,0,0,0,0,0,0,pause=paused
play_ui_menu_select_01|1|s,0,-2,100,0,0,0,0,585968602,-2,2|l,0,-1,0,0,0,0,0,0
play_ui_menu_unpause_01|0|x,0,0,0,0,0,0,0,pause=unpaused
play_ui_page_turn_01|1|s,0,-7,-100,0,0,-100,100,869389453,-2,2|l,0,-1,0,0,0,0,0,0
play_ui_secret_reveal_01|1|s,0,-1,400,0,0,0,0,413060503,-5,1|l,0,-1,0,0,0,0,0,0|x,0,0,0,0,0,0,0,secret_revealed=on|x,0,0,2000,0,0,0,0,secret_revealed=off
play_ui_state_headphones_01|0|x,0,0,0,0,0,0,0,output_type=headphones
play_ui_state_speaker_01|0|x,0,0,0,0,0,0,0,output_type=speakers
play_ui_titleintro|1|s,0,0,0,0,0,0,0,749485456,-2,2|l,0,-1,0,0,0,0,0,0
play_vo_bashellisk_hiss_01|4|s,0,0,0,0,0,0,0,5850249,-5,153|s,0,0,0,0,0,0,0,264214122,-5,153|s,0,0,0,0,0,0,0,445077000,-5,153|r,0,-15,200,0,0,0,0,0:1:2|l,0,1,0,0,0,0,0,3
play_vo_bashellisk_hiss_02|4|s,0,0,0,0,0,0,0,5850249,-5,153|s,0,0,0,0,0,0,0,264214122,-5,153|s,0,0,0,0,0,0,0,445077000,-5,153|r,0,-15,200,0,0,0,0,0:1:2|l,0,1,0,0,0,0,0,3
play_vo_bombshee_cackle_01|1|s,0,-7,-150,0,0,0,100,81565570,-5,25|l,0,1,0,0,0,0,0,0
play_vo_bombshee_death_01|1|s,0,2,-100,0,0,0,100,506731503,-5,25|l,0,2,0,0,0,0,0,0
play_vo_bulletbros_cheer_01|1|s,0,6,0,0,0,0,0,88973557,-5,25|l,0,1,0,0,0,0,0,0
play_vo_cannon_intro_01|1|s,0,0,0,0,0,0,0,261021070,-5,25|l,0,1,0,0,0,0,0,0
play_vo_dragun_death_01|1|s,0,-2,0,0,0,0,0,389390146,-5,25|l,0,1,0,0,0,0,0,0
play_vo_fairy_spawn_01|1|s,0,-3,0,0,0,-100,100,475802130,-5,25|l,0,1,0,0,0,0,0,0
play_vo_gorgun_attack_01|3|s,0,0,0,0,0,0,0,340210272,-5,25|s,0,0,100,0,0,0,0,932663749,-5,25|r,0,2,0,0,0,-200,50,0:1,0,2|l,0,1,0,0,0,0,0,2
play_vo_gorgun_laugh_01|4|s,0,0,0,0,0,0,0,932140837,-5,25|s,0,0,0,0,0,0,0,680369332,-5,25|s,0,0,50,0,0,0,0,996183248,-5,25|r,0,2,-50,0,0,-50,100,0:1:2,0,2|l,0,1,0,0,0,0,0,3
play_vo_gorgun_laugh_02|1|s,0,1,-50,0,0,0,0,877555659,-5,153|l,0,1,0,0,0,0,0,0
play_vo_kali_death_01|1|s,0,3,150,0,0,0,0,310508945,-5,25|l,0,2,0,0,0,0,0,0
play_vo_licha_cackle_01|1|s,0,-2,0,0,0,0,0,1032012050,-5,25|l,0,1,0,0,0,0,0,0
play_vo_licha_chuckle_01|1|s,0,-2,0,0,0,0,0,762324457,-5,25|l,0,1,0,0,0,0,0,0
play_vo_lichb_death_01|1|s,0,0,-200,0,0,0,0,183753795,-5,25|l,0,1,0,0,0,0,0,0
play_vo_lichc_death_01|1|s,0,5,0,0,0,0,0,707665920,-5,153|l,0,2,0,0,0,0,0,0
play_vo_lichc_intro_01|1|s,0,6,0,0,0,0,0,870256742,-5,25|l,0,1,0,0,0,0,0,0
play_vo_mimic_awake_01|1|s,0,0,200,0,0,0,0,1008102872,-5,25|l,0,1,0,0,0,0,0,0
play_vo_mimic_death_01|1|s,0,0,100,0,0,0,0,575139172,-5,153|l,0,2,0,0,0,0,0,0
play_vo_phantom_death_01|1|s,0,-2,830,0,0,0,0,706940978,-5,153|l,0,2,0,0,0,0,0,0
play_wpn_accent_ice_01|4|s,0,0,-50,0,0,0,0,78156304,-5,153|s,0,0,0,0,0,0,0,634899368,-5,153|s,0,0,0,0,0,0,0,677396258,-5,153|r,0,-4,-50,-2,0,0,100,0:1:2|l,0,2,0,0,0,0,0,3
play_wpn_active_reload_01|1|s,0,-10,600,0,0,0,0,376441434,-5,9|l,0,2,0,0,0,0,0,0
play_wpn_ak47_shells_01|4|s,0,0,0,0,0,0,0,120467242,-5,25,6,0|s,0,0,0,0,0,0,0,899115345,-5,25,6,0|s,0,0,0,0,0,0,0,791453858,-5,25,6,0|r,0,-20,0,0,0,0,0,0:1:2|l,0,4,0,0,0,0,0,3
play_wpn_anvil_impact_01|5|s,0,5,0,0,0,-300,0,553349169,-5,153,3,1|s,0,0,0,0,0,0,0,360630495,-5,25|s,0,0,0,0,0,0,0,399852300,-5,25|s,0,0,0,0,0,0,0,556365599,-5,25|r,0,4,-300,0,0,0,0,1:2:3|l,0,0,0,0,0,0,0,0:4
play_wpn_banana_impact_01|0|s,0,0,-1000,0,0,-200,200,788253902,-5,25
play_wpn_beam_slash_01|1|s,0,-3,-100,0,0,-50,50,12242523,-5,25|l,0,2,0,0,0,0,0,0
play_wpn_bees_impact_01|3|s,0,3,0,0,0,0,0,999023464,-5,153|s,0,0,0,0,0,0,0,849731018,-5,153|s,0,0,0,0,0,0,0,97949118,-5,153|r,0,3,-100,0,0,0,0,0:1:2
play_wpn_beretta_shot_01|4|s,0,0,0,0,0,0,0,216320493,-5,153|s,0,0,0,0,0,0,0,136037731,-5,153|s,0,0,0,0,0,0,0,760360887,-5,153|r,0,0,0,0,0,0,0,0:1:2|l,0,2,0,0,0,0,0,3
play_wpn_blackhole_charge_01|1|s,0,0,-350,0,0,0,0,370597065,-5,153,1,1|l,0,2,0,0,0,0,0,0
play_wpn_blackhole_charge_04|1|s,1,5,-300,0,0,0,0,888458779,-5,153,1,1|l,0,2,0,0,0,0,0,0
play_wpn_blackhole_impact_01|0|s,0,0,-300,-8,0,-100,100,698369173,-5,25|t,0,1000,0,0,0,0,0,play_wpn_blackhole_shot_05;play_wpn_gun_shot_05
play_wpn_blackhole_shot_01|0|s,0,0,-300,-8,0,-100,100,698369173,-5,25|t,0,200,0,0,0,0,0,play_wpn_blackhole_charge_01;play_wpn_gun_charge_01|t,0,200,0,0,0,0,0,#play_wpn_blackhole_charge_04;play_wpn_bountyhunterarm_charge_03;play_wpn_gun_charge_04
play_wpn_blackhole_shot_02|0|s,0,0,-300,-8,0,-100,100,698369173,-5,25|t,0,200,0,0,0,0,0,play_wpn_blackhole_charge_01;play_wpn_gun_charge_01|t,0,200,0,0,0,0,0,#play_wpn_blackhole_charge_04;play_wpn_bountyhunterarm_charge_03;play_wpn_gun_charge_04
play_wpn_blackhole_shot_03|0|s,0,0,-300,-8,0,-100,100,698369173,-5,25|t,0,200,0,0,0,0,0,play_wpn_blackhole_charge_01;play_wpn_gun_charge_01|t,0,200,0,0,0,0,0,#play_wpn_blackhole_charge_04;play_wpn_bountyhunterarm_charge_03;play_wpn_gun_charge_04
play_wpn_blackhole_shot_04|0|s,0,0,-300,-8,0,-100,100,698369173,-5,25|t,0,200,0,0,0,0,0,play_wpn_blackhole_charge_01;play_wpn_gun_charge_01|t,0,200,0,0,0,0,0,#play_wpn_blackhole_charge_04;play_wpn_bountyhunterarm_charge_03;play_wpn_gun_charge_04
play_wpn_blackhole_shot_05|5|s,2,0,0,0,0,0,0,283223849,-5,153|s,2,0,0,0,0,0,0,152185950,-5,153|r,0,0,200,0,0,0,0,0:1|s,0,2,0,0,0,0,0,479446317,-5,153|l,0,1,0,0,0,0,0,2:3|l,0,3,0,0,0,0,0,4|t,0,0,0,0,0,0,0,#play_wpn_blackhole_charge_04;play_wpn_bountyhunterarm_charge_03;play_wpn_gun_charge_04
play_wpn_blam_impact_01|4|s,0,0,0,0,0,0,0,996905267,-5,153|s,0,0,0,0,0,0,0,622865931,-5,153|s,0,0,0,0,0,0,0,728156802,-5,153|r,0,0,0,0,0,0,0,0:1:2|l,0,0,0,0,0,0,0,3,0,35
play_wpn_blasphemy_shot_01|4|s,0,0,0,0,0,0,0,420276405,-5,153|s,0,0,0,0,0,0,0,616736802,-5,153|s,0,0,0,0,0,0,0,602042138,-5,153|r,0,-3,300,0,0,-100,200,0:1:2|l,0,2,0,0,0,0,0,3
play_wpn_blasterbow_shot_01|7|s,0,0,-200,0,0,-200,200,393863599,-5,153|l,0,2,0,0,0,0,0,0|s,0,0,0,0,0,0,0,334432988,-5,153|s,0,0,0,0,0,0,0,10050083,-5,153|s,0,0,0,0,0,0,0,1068756149,-5,153|r,0,1,0,0,0,0,0,2:3:4|l,0,2,0,0,0,0,0,5|l,0,0,0,0,0,0,0,1:6
play_wpn_blastrifle_shot_01|12|s,0,0,0,0,0,0,0,334432988,-5,153|s,0,0,0,0,0,0,0,10050083,-5,153|s,0,0,0,0,0,0,0,1068756149,-5,153|r,0,1,0,0,0,0,0,0:1:2|l,0,2,0,0,0,0,0,3|l,0,2,0,0,0,0,0,3|l,0,2,0,0,0,0,0,3|s,0,0,0,0,0,0,0,119932327,-5,25|s,0,0,0,0,0,0,0,453779093,-5,25|s,0,0,0,0,0,0,0,438346677,-5,25|r,0,-2,100,0,0,-250,100,7:8:9|l,0,2,0,0,0,0,0,10|l,0,0,0,0,0,0,0,4:5:6:11
play_wpn_blunderbuss_shot_01|4|s,0,0,0,0,0,0,0,486928332,-5,25|s,0,0,0,0,0,0,0,536699086,-5,25|s,0,0,0,0,0,0,0,1027978887,-5,25|r,0,1,0,0,0,0,0,0:1:2|l,0,2,0,0,0,0,0,3
play_wpn_boltpistol_shot_01|4|s,0,0,0,0,0,0,0,1057129134,-5,25|s,0,0,0,0,0,0,0,936067582,-5,25|s,0,0,0,0,0,0,0,208154025,-5,25|r,0,0,0,0,0,-25,25,0:1:2|l,0,2,0,0,0,0,0,3
play_wpn_bountyhunterarm_charge_01|1|s,0,0,250,0,0,0,0,819823152,-5,153,1,1|l,0,2,0,0,0,0,0,0
play_wpn_bountyhunterarm_charge_03|1|s,1,5,-300,0,0,0,0,888458779,-5,153,1,1|l,0,2,0,0,0,0,0,0
play_wpn_bountyhunterarm_shot_01|1|s,0,1,0,0,0,-100,0,956893544,-5,153|l,0,2,0,0,0,0,0,0|t,0,300,0,0,0,0,0,#play_wpn_bountyhunterarm_charge_01;play_wpn_gun_charge_01|t,0,300,0,0,0,0,0,#play_wpn_blackhole_charge_04;play_wpn_bountyhunterarm_charge_03;play_wpn_gun_charge_04
play_wpn_bountyhunterarm_shot_02|1|s,0,0,0,0,0,0,0,29751334,-5,153|l,0,3,0,0,0,0,0,0|t,0,300,0,0,0,0,0,#play_wpn_bountyhunterarm_charge_01;play_wpn_gun_charge_01|t,0,300,0,0,0,0,0,#play_wpn_blackhole_charge_04;play_wpn_bountyhunterarm_charge_03;play_wpn_gun_charge_04
play_wpn_bountyhunterarm_shot_03|1|s,0,1,0,0,0,0,0,958154528,-5,153|l,0,3,0,0,0,0,0,0|t,0,300,0,0,0,0,0,#play_wpn_bountyhunterarm_charge_01;play_wpn_gun_charge_01|t,0,300,0,0,0,0,0,#play_wpn_blackhole_charge_04;play_wpn_bountyhunterarm_charge_03;play_wpn_gun_charge_04
play_wpn_box_impact_01|3|s,0,0,0,0,0,0,0,55817032,-5,25|s,0,0,0,0,0,0,0,673423363,-5,25|s,0,0,0,0,0,0,0,45241065,-5,25|r,0,0,-300,0,0,0,0,0:1:2
play_wpn_boxingglove_impact_01|0|s,0,0,0,0,0,-200,0,126830999,-5,25|t,0,50,0,0,0,0,0,play_wpn_gun_shot_01
play_wpn_brickgun_reload_01|1|s,0,5,0,0,0,0,0,496482588,-5,25|l,0,4,0,0,0,0,0,0
play_wpn_bsg_shot_01|3|s,0,5,0,0,0,0,0,1037694788,-5,153,1,1|s,0,5,0,0,0,0,0,937044838,-5,153,1,1|l,0,0,0,0,0,0,0,0:1|l,0,2,0,0,0,0,0,2
play_wpn_bubbler_drink_01|1|s,0,0,0,0,0,-150,100,308797414,-5,25|l,0,4,0,0,0,0,0,0
play_wpn_bulletgun_spray_01|4|s,0,0,0,0,0,0,0,658251802,-5,153,5,0|s,0,0,0,0,0,0,0,82695532,-5,153,5,0|s,0,0,0,0,0,0,0,480436091,-5,153,5,0|r,0,-8,0,-2,0,0,0,0:1:2|l,0,2,0,0,0,0,0,3
play_wpn_burninghand_shot_01|1|s,0,-3,200,0,0,-400,200,965209532,-5,153,4,0|l,0,2,0,0,0,0,0,0
play_wpn_cerebralbore_loop_01|1|s,1,-20,0,0,0,0,0,651353661,-5,25,1,1|l,0,2,0,0,0,0,0,0
play_wpn_chargelaser_shot_01|3|s,0,-5,200,0,0,0,100,101124516,-5,153|s,0,0,-200,0,0,-200,0,928871688,-5,153|l,0,0,0,0,0,0,0,0:1|l,0,2,0,0,0,0,0,2
play_wpn_charmedbow_charge_01|1|s,0,-3,0,0,0,-200,100,933070859,-5,153,1,1|l,0,2,0,0,0,0,0,0
play_wpn_charmedbow_charge_02|1|s,0,8,0,0,0,-200,100,894054463,-5,153|l,0,2,0,0,0,0,0,0
play_wpn_charmedbow_shot_01|1|s,0,1,0,0,0,-100,100,17918764,-5,153|l,0,2,0,0,0,0,0,0
play_wpn_charmedbow_shot_02|1|s,0,0,100,0,0,0,200,833621688,-5,153|l,0,3,0,0,0,0,0,0
play_wpn_claw_blast_01|3|s,0,0,0,0,0,0,0,517732173,-5,153|s,0,0,0,0,0,0,0,287966179,-5,153|s,0,0,0,0,0,0,0,941185051,-5,153|r,0,3,0,0,0,0,400,0:1:2
play_wpn_colt1851_reload_01|1|s,0,0,0,0,0,0,0,471232212,-5,153|l,0,4,0,0,0,0,0,0
play_wpn_colt1851_shot_01|4|s,0,0,0,0,0,0,0,216320493,-5,153|s,0,0,0,0,0,0,0,136037731,-5,153|s,0,0,0,0,0,0,0,760360887,-5,153|r,0,0,0,0,0,0,0,0:1:2|l,0,2,0,0,0,0,0,3
play_wpn_comm4nd0_shot_01|7|s,0,0,0,0,0,-300,400,415582754,-5,153|l,0,2,0,0,0,0,0,0|s,0,0,0,0,0,0,0,1048989834,-5,25,5,0|s,0,0,0,0,0,0,0,125209834,-5,25,5,0|s,0,0,0,0,0,0,0,515130317,-5,25,5,0|r,0,0,0,0,0,-150,100,2:3:4|l,0,2,0,0,0,0,0,5|l,0,0,0,0,0,0,0,1:6
play_wpn_cooldown_ready_01|1|s,0,-6,630,0,0,0,0,1014992782,-5,25|l,0,2,0,0,0,0,0,0
play_wpn_corsair_synergy_impact_01|1|s,0,0,0,0,0,0,100,15318424,-5,25|l,0,4,0,0,0,0,0,0
play_wpn_crescentbow_charge_01|1|s,0,0,0,0,0,0,0,182467887,-5,25,1,1|l,0,2,0,0,0,0,0,0
play_wpn_crossbow_reload_01|1|s,0,2,-100,0,0,0,0,497934719,-5,153|l,0,4,0,0,0,0,0,0
play_wpn_crossbow_shot_01|1|s,0,-2,-200,0,0,-300,250,393863599,-5,153,3,0|l,0,2,0,0,0,0,0,0
play_wpn_crossbowshotgun_shot_01|4|s,0,0,0,0,0,0,0,666960526,-5,25|s,0,0,0,0,0,0,0,1030931194,-5,25|s,0,0,0,0,0,0,0,834561228,-5,25|r,0,1,0,0,0,0,0,0:1:2|l,0,2,0,0,0,0,0,3
play_wpn_dartgun_impact_01|0|s,0,0,0,0,0,-200,200,788253902,-5,25
play_wpn_dartgun_reload_01|1|s,0,3,0,0,0,0,0,1051229838,-5,153|l,0,4,0,0,0,0,0,0
play_wpn_dartgun_shot_01|4|s,0,0,0,0,0,0,0,931639929,-5,153|s,0,0,0,0,0,0,0,912481059,-5,153|s,0,0,0,0,0,0,0,765492821,-5,153|r,0,1,0,0,0,-50,50,0:1:2|l,0,2,0,0,0,0,0,3
play_wpn_dawnhammer_charge_01|1|s,0,0,0,0,0,-100,50,167203964,-5,153|l,0,2,0,0,0,0,0,0
play_wpn_dawnhammer_loop_01|4|s,1,-6,-380,0,0,0,0,651392717,-5,25,1,0|s,0,2,0,0,0,-100,100,279505931,-5,153|s,1,-4,760,0,0,0,0,225859784,-5,153|l,0,-16,0,0,0,0,0,0:1:2|l,0,2,0,0,0,0,0,3
play_wpn_deck4rd_impact_01|3|s,0,0,0,0,0,0,0,360630495,-5,25|s,0,0,0,0,0,0,0,399852300,-5,25|s,0,0,0,0,0,0,0,556365599,-5,25|r,0,0,-100,0,0,0,0,0:1:2
play_wpn_deck4rd_shot_01|4|s,0,0,0,0,0,0,0,619455747,-5,25|s,0,0,0,0,0,0,0,631655681,-5,25|s,0,0,0,0,0,0,0,762525208,-5,25|r,0,1,0,0,0,0,0,0:1:2|l,0,2,0,0,0,0,0,3
play_wpn_demonhead_shot_01|4|s,2,5,0,0,0,0,0,213323847,-5,153,1,0|s,0,4,0,0,0,0,0,940848108,-5,153|s,0,3,0,0,0,0,0,281327377,-5,153|l,0,3,0,0,0,-200,100,0:1:2|l,0,2,0,0,0,0,0,3
play_wpn_deserteagle_reload_01|1|s,0,0,0,0,0,0,0,144380917,-5,153|l,0,4,0,0,0,0,0,0
play_wpn_deserteagle_shot_01|4|s,0,0,0,0,0,0,0,15651212,-5,153|s,0,0,0,0,0,0,0,235551330,-5,153|s,0,0,0,0,0,0,0,1058332935,-5,153|r,0,0,0,0,0,0,0,0:1:2|l,0,2,0,0,0,0,0,3
play_wpn_devolver_morph_01|1|s,0,-10,-380,0,0,-250,0,664524039,-5,9|l,0,2,0,0,0,0,0,0
play_wpn_distortion_split_01|0|s,0,0,300,0,0,0,0,500232923,-5,153,1,1
play_wpn_dl45heavylaser_reload|1|s,0,-5,0,0,0,-50,50,731153990,-5,153|l,0,4,0,0,0,0,0,0
play_wpn_dl45heavylaser_shot_01|4|s,0,0,0,0,0,0,0,119932327,-5,25|s,0,0,0,0,0,0,0,453779093,-5,25|s,0,0,0,0,0,0,0,438346677,-5,25|r,0,-2,100,0,0,-250,100,0:1:2|l,0,2,0,0,0,0,0,3
play_wpn_dragonbreath_shot_01|4|s,0,0,0,0,0,0,0,658251802,-5,153|s,0,0,0,0,0,0,0,82695532,-5,153|s,0,0,0,0,0,0,0,480436091,-5,153|r,0,-10,0,-2,0,0,0,0:1:2|l,0,2,0,0,0,0,0,3
play_wpn_duelingpistol_impact_01|3|s,0,0,0,0,0,0,0,895955731,-5,25,3,1|s,0,0,0,0,0,0,0,332744834,-5,25|s,0,0,0,0,0,0,0,864030466,-5,25|r,0,0,500,0,0,-100,100,0:1:2
play_wpn_duelingpistol_reload_01|1|s,0,7,-200,0,0,0,0,520528604,-5,153|l,0,4,0,0,0,0,0,0
play_wpn_duelingpistol_shot_01|1|s,0,0,0,0,0,-100,100,391245596,-5,153|l,0,2,0,0,0,0,0,0
play_wpn_e12_shot_01|4|s,0,0,0,0,0,0,0,334432988,-5,153|s,0,0,0,0,0,0,0,10050083,-5,153|s,0,0,0,0,0,0,0,1068756149,-5,153|r,0,1,0,0,0,0,0,0:1:2|l,0,2,0,0,0,0,0,3
play_wpn_earthwormgun_shot_01|4|s,0,0,0,0,0,0,0,658251802,-5,153|s,0,0,0,0,0,0,0,82695532,-5,153|s,0,0,0,0,0,0,0,480436091,-5,153|r,0,-10,0,-2,0,0,0,0:1:2|l,0,2,0,0,0,0,0,3
play_wpn_egg_impact_01|0|s,0,5,0,0,0,-100,100,57306531,-5,25
play_wpn_elephantgun_reload_01|1|s,0,1,0,0,0,0,0,504618425,-5,153|l,0,4,0,0,0,0,0,0
play_wpn_elephantgun_shot_01|10|s,0,0,0,0,0,0,0,15651212,-5,153|s,0,0,0,0,0,0,0,235551330,-5,153|s,0,0,0,0,0,0,0,1058332935,-5,153|r,0,0,0,0,0,0,0,0:1:2|l,0,2,0,0,0,0,0,3|s,0,0,0,0,0,0,0,192875976,-5,25|s,0,0,0,0,0,0,0,943606595,-5,25|s,0,0,0,0,0,0,0,1071916180,-5,25|r,0,0,0,0,0,0,0,5:6:7|l,0,2,0,0,0,0,0,8|l,0,0,0,0,0,0,0,4:9
play_wpn_energy_accent_01|4|s,0,0,0,0,0,0,0,1003450700,-5,153|s,0,0,0,0,0,0,0,992033076,-5,153|s,0,0,0,0,0,0,0,790600255,-5,153|r,0,-3,0,0,0,-100,150,0:1:2|l,0,2,0,0,0,0,0,3
play_wpn_energy_impact_01|2|s,0,0,0,0,0,0,0,115622314,-5,25,4,1|s,0,0,0,0,0,0,0,350979041,-5,25,4,1|r,0,0,0,0,0,-300,300,0:1
play_wpn_energycannon_shot_01|4|s,2,-2,0,0,0,0,0,651392717,-5,25,1,0|s,0,3,0,0,0,0,0,911392588,-5,25|s,0,5,330,0,0,0,0,226630728,-5,25|l,0,-2,0,0,0,-200,100,0:1:2|l,0,2,0,0,0,0,0,3
play_wpn_eyeballgun_impact_01|3|s,0,0,0,0,0,0,0,667760217,-5,25|s,0,0,0,0,0,0,0,443586523,-5,25|s,0,0,0,0,0,0,0,276553414,-5,25|r,0,0,0,-5,1,-300,200,0:1:2
play_wpn_eyeballgun_shot_01|4|s,0,0,0,0,0,0,0,550088552,-5,153|s,0,0,0,0,0,0,0,13782322,-5,153|s,0,0,0,0,0,0,0,718572470,-5,153|r,0,4,0,0,0,0,100,0:1:2|l,0,2,0,0,0,0,0,3
play_wpn_fish_impact_01|0|s,0,0,0,-3,2,-200,200,1003048844,-5,25
play_wpn_flame_impact_01|3|s,0,0,0,0,0,0,0,674978835,-5,25|s,0,0,0,0,0,0,0,230478129,-5,25|s,0,0,0,0,0,0,0,79399098,-5,25|r,0,0,300,0,0,0,0,0:1:2
play_wpn_fossilgun_reload_01|1|s,0,0,100,0,0,0,0,146090694,-5,25|l,0,4,0,0,0,0,0,0
play_wpn_fossilgun_shot_01|3|s,0,2,0,0,0,0,0,725294788,-5,153|s,2,-5,0,0,0,0,0,92921246,-5,153,1,0|l,0,-2,-300,0,0,-200,0,0:1|l,0,2,0,0,0,0,0,2
play_wpn_glass_impact_01|4|s,0,0,0,0,0,0,0,654708042,-5,25|s,0,0,0,0,0,0,0,570923272,-5,25|s,0,0,0,0,0,0,0,963941644,-5,25|s,0,0,0,0,0,0,0,521438304,-5,25|r,0,1,0,0,0,-50,50,0:1:2:3
play_wpn_glitter_impact_01|5|s,0,0,0,0,0,0,0,347809957,-5,25|s,0,0,0,0,0,0,0,55817032,-5,25|s,0,0,0,0,0,0,0,673423363,-5,25|s,0,0,0,0,0,0,0,45241065,-5,25|r,0,0,-300,0,0,0,0,1:2:3|l,0,0,0,0,0,0,0,0:4
play_wpn_golddoublebarrelshotgun_shot_01|7|s,0,0,0,0,0,0,0,192875976,-5,25|s,0,0,0,0,0,0,0,943606595,-5,25|s,0,0,0,0,0,0,0,1071916180,-5,25|r,0,0,0,0,0,0,0,0:1:2|l,0,2,0,0,0,0,0,3|s,0,0,0,0,0,-200,100,1019672372,-5,153|l,0,2,0,0,0,0,0,5|l,0,0,0,0,0,0,0,4:6
play_wpn_grasshopper_impact_01|3|s,0,0,0,0,0,0,0,777751078,-5,25|s,0,0,0,0,0,0,0,676111008,-5,25|s,0,0,0,0,0,0,0,262122889,-5,25|r,0,0,200,0,0,0,0,0:1:2|t,0,0,0,0,0,0,0,#play_wpn_grenade_blast_01;play_wpn_gun_shot_01
play_wpn_grasshopper_shot_01|1|s,0,0,0,0,0,-400,200,918968512,-5,153|l,0,2,0,0,0,0,0,0
play_wpn_grenade_blast_01|1|s,0,0,0,0,0,-200,300,385021336,-5,153,10,0|l,0,2,0,0,0,0,0,0|t,0,200,0,0,0,0,0,play_wpn_gun_shot_01;play_wpn_rpg_shot_01|t,0,0,0,0,0,0,0,play_wpn_missile_loop_01
play_wpn_guitar_shot_01|4|s,0,0,0,0,0,0,0,503879098,-5,25,1,0|s,0,1,0,0,0,0,0,142057589,-5,153,1,0|s,2,0,0,0,0,0,0,623379254,-5,153,1,0|r,0,-1,100,0,0,0,0,0:1:2,2,1|l,0,2,0,0,0,0,0,3
play_wpn_gun_charge_01|40|s,0,0,0,0,0,0,0,316610452,-5,25,1,1|s,0,0,0,0,0,0,0,142322434,-5,25,1,1|s,0,0,-350,0,0,0,0,370597065,-5,153,1,1|s,0,0,250,0,0,0,0,819823152,-5,153,1,1|s,0,-3,0,0,0,-200,100,933070859,-5,153,1,1|s,1,0,0,0,0,0,0,172305257,-5,153,1,1|s,0,0,0,0,0,0,0,457533215,-5,25,2,1|s,1,0,0,0,0,0,0,139170846,-5,25,2,1|r,1,0,0,0,0,0,0,6:7,2,1,500|s,0,5,0,0,0,0,0,950908749,-5,25,2,1|l,0,0,0,0,0,0,0,8:9|s,0,-3,0,0,0,-200,100,933070859,-5,153,1,1|s,0,0,0,0,0,-100,200,914213733,-5,25,1,0|s,0,5,0,0,0,0,0,660764364,-5,153,1,1|s,0,0,0,0,0,0,0,658312365,-5,25,1,1|s,1,0,0,0,0,0,0,139170846,-5,25,1,1|r,1,0,300,0,0,0,0,14:15,2,1,500|l,0,0,0,0,0,0,0,13:16|s,0,0,0,0,0,0,0,457533215,-5,25,1,1|s,1,0,0,0,0,0,0,139170846,-5,25,1,1|r,1,0,100,0,0,0,0,18:19,2,1,500|s,0,0,0,0,0,0,0,917826502,-5,25,1,1|s,0,0,0,0,0,0,0,182467887,-5,25,1,1|s,0,0,0,0,0,0,0,768042144,-5,25,1,1|s,0,0,250,0,0,0,0,30606484,-5,25,1,1|s,1,-10,0,0,0,-100,100,753249001,-5,153,1,1|s,0,5,0,0,0,-200,200,800947741,-5,153,1,1|l,0,0,0,0,0,0,0,25:26|s,0,0,0,0,0,0,0,459831114,-5,153,1,1|s,1,-5,0,0,0,0,0,933647920,-5,153,1,0|l,0,0,-100,0,0,0,0,28:29|s,0,0,0,0,0,0,0,475070806,-5,25,1,1|s,0,1,-200,0,0,0,0,83700015,-5,25,1,1|s,1,2,0,0,0,-100,200,846151512,-5,25,1,0|s,0,0,0,0,0,0,0,646551088,-5,153,1,1|s,1,-10,100,0,0,0,0,933647920,-5,153,1,0|s,0,0,0,0,0,0,0,818712890,-5,153,1,1|l,0,1,0,0,0,-100,100,35:36|s,0,0,0,0,0,-200,0,450755968,-5,25,1,1|w,0,0,0,0,0,0,0,2372616864,0,1949414222=0,2444172179=1,1691831372=2,3266482404=3,2466166447=4,1093006634=5,2031444850=10,308387606=11,3266189989=12,538159066=17,1757560249=20,748276795=21,1621556860=22,306800208=23,3146088653=24,4144100887=11,2196739537=27,639519169=12,3224952238=30,1038823523=31,2035948539=32,3787222256=33,382248097=34,1985932300=34,525146469=5,54431367=5,2215791561=5,2882751306=5,2157427421=5,3806453906=5,148569378=5,974111237=3,1573527922=3,3741204261=3,2827426678=3,2942251710=37,3156848353=38|l,0,2,0,0,0,0,0,39
play_wpn_gun_charge_02|8|s,1,2,0,0,0,0,0,888458779,-5,153,1,1|s,0,8,0,0,0,-200,100,894054463,-5,153|s,0,7,200,0,0,-100,200,707776195,-5,153|s,1,-5,0,0,0,0,0,260205583,-5,25|s,1,5,200,0,0,0,0,367761426,-5,25|s,0,5,300,0,0,0,0,370597065,-5,153|s,0,-4,1200,0,0,0,0,1014992782,-5,25|w,0,0,0,0,0,0,0,2372616864,0,3266482404=0,2466166447=1,308387606=2,3266189989=3,748276795=4,2682310554=5,382248097=6,974111237=0,1573527922=0,3741204261=0,2827426678=0|l,0,2,0,0,0,0,0,7
play_wpn_gun_charge_03|2|s,1,5,200,0,0,0,0,367761426,-5,25|w,0,0,0,0,0,0,0,2372616864,0,748276795=0|l,0,2,0,0,0,0,0,1
play_wpn_gun_charge_04|2|s,1,5,-300,0,0,0,0,888458779,-5,153,1,1|w,0,0,0,0,0,0,0,2372616864,0,1691831372=0|l,0,2,0,0,0,0,0,1
play_wpn_gun_finale_01|19|s,0,5,0,0,0,-200,0,132158191,-5,25|s,0,3,-400,0,0,0,0,919474595,-5,153|s,0,0,0,0,0,0,0,119932327,-5,25|s,0,0,0,0,0,0,0,453779093,-5,25|s,0,0,0,0,0,0,0,438346677,-5,25|r,0,-5,680,0,0,-250,350,2:3:4|s,0,4,0,0,0,-200,0,449436959,-5,25|s,0,0,0,0,0,0,0,192875976,-5,25|s,0,0,0,0,0,0,0,943606595,-5,25|s,0,0,0,0,0,0,0,1071916180,-5,25|r,0,3,200,0,0,0,0,7:8:9|s,0,0,0,0,0,0,0,137323797,-5,153|s,0,0,0,0,0,0,0,858685268,-5,153|s,0,0,0,0,0,0,0,787183582,-5,153|r,0,9,-200,0,0,-200,0,11:12:13|s,0,0,-100,0,0,0,50,578745993,-5,25|s,0,0,0,0,0,0,0,667958967,-5,153|s,0,-10,-300,0,0,-300,0,84158783,-5,25|w,0,0,0,0,0,0,0,2372616864,1341737782,3536574011=0,583501647=1,99383458=5,914478924=6,1341737782=10,1425203646=14,3460604284=14,703486095=14,4181503171=15,3337078682=16,3239240605=17|l,0,2,0,0,0,0,0,18
play_wpn_gun_musical_01|10|s,0,0,0,0,0,0,0,907514284,-5,25|s,0,0,0,0,0,0,0,627462224,-5,25|s,0,0,0,0,0,0,0,488161076,-5,25|s,0,0,0,0,0,0,0,366942982,-5,25|s,0,0,0,0,0,0,0,240603407,-5,25|s,0,0,0,0,0,0,0,843656205,-5,25|s,0,0,0,0,0,0,0,1003017468,-5,25|s,0,0,0,0,0,0,0,1786369,-5,25|r,0,-10,0,0,0,0,0,0:1:2:3:4:5:6:7,1,1|w,0,0,0,0,0,0,0,2372616864,0,241555877=8|l,0,2,0,0,0,0,0,9
play_wpn_gun_reload_01|67|s,0,0,0,0,0,0,0,821924980,-5,153|s,0,-5,0,0,0,0,0,485336357,-5,153|s,0,0,0,0,0,0,0,333149873,-5,153|s,0,3,0,0,0,0,0,998027711,-5,25|s,0,7,-200,0,0,0,0,520528604,-5,153|s,0,0,0,0,0,0,0,471232212,-5,153|s,0,3,0,0,0,0,0,1051229838,-5,153|s,0,0,0,0,0,0,0,144380917,-5,153|s,0,-5,0,0,0,-50,50,731153990,-5,153|s,0,1,0,0,0,0,0,504618425,-5,153|s,0,2,0,0,0,-50,50,37006062,-5,153|s,0,2,0,0,0,0,0,161844558,-5,153|s,0,-3,0,0,0,0,0,341511377,-5,153|s,0,5,0,0,0,0,0,403243982,-5,153|s,0,-5,-50,0,0,0,0,938879337,-5,153|s,0,8,0,0,0,0,0,260148036,-5,153|s,0,0,-450,0,0,0,0,591535307,-5,153|s,0,0,0,0,0,0,0,715178829,-5,153|s,0,-10,0,0,0,0,0,74059479,-5,153|s,0,0,0,0,0,0,0,895453254,-5,153|s,0,-3,0,0,0,-200,100,439000814,-5,153|s,0,0,0,0,0,0,0,556806219,-5,25|s,0,0,0,0,0,0,0,833096473,-5,153|s,0,0,0,0,0,0,0,943243780,-5,25|s,0,0,100,0,0,0,0,146090694,-5,25|s,0,0,0,0,0,0,0,144380917,-5,153|s,0,2,-100,0,0,0,0,497934719,-5,153|s,0,-5,0,0,0,0,0,928678104,-5,153|s,0,-3,0,0,0,0,0,890656352,-5,153|s,0,10,-100,0,0,0,0,990767093,-5,25|s,0,5,0,0,0,0,0,496482588,-5,25|s,0,0,0,0,0,0,0,1023590481,-5,153|s,0,0,0,0,0,0,0,706227259,-5,153|s,0,0,0,0,0,0,0,400756397,-5,153|s,0,0,0,0,0,0,0,773705839,-5,153|r,0,0,-200,0,0,0,0,31:32:33:34,1,1|s,0,2,0,0,0,0,0,42900394,-5,25|s,0,0,0,0,0,0,0,383632052,-5,25|s,0,-13,0,0,0,0,0,235138752,-5,25|s,0,0,0,0,0,0,0,291537593,-5,25|s,0,0,0,0,0,-50,50,766903068,-5,25|s,0,5,-280,0,0,-200,200,238023542,-5,153|s,0,4,-50,0,0,0,0,649017400,-5,25|s,0,0,0,0,0,0,0,722525536,-5,153|s,0,0,0,0,0,0,0,331296896,-5,153|s,0,0,0,0,0,0,0,88227196,-5,153|r,0,5,0,0,0,0,100,43:44:45|s,0,1,-300,0,0,-100,200,40938044,-5,25|s,0,2,0,0,0,-50,50,301009148,-5,25|s,0,-2,0,0,0,-50,100,684202392,-5,25|s,0,2,0,0,0,0,0,217845561,-5,25|s,0,0,0,0,0,0,0,292988338,-5,153|s,0,0,0,0,0,0,0,1000534287,-5,153|r,0,3,0,0,0,-300,0,51:52|s,0,0,0,0,0,0,0,352829400,-5,25|s,0,0,0,0,0,0,600,767367269,-5,25|s,0,0,0,0,0,0,100,880194087,-5,25|s,0,0,0,0,0,-200,100,775567424,-5,25|s,0,3,0,0,0,-100,100,500905244,-5,25|s,0,0,0,0,0,0,0,724253238,-5,153|s,0,0,0,0,0,0,0,200560808,-5,153|s,0,0,0,0,0,0,0,153790320,-5,153|l,0,-10,200,0,0,0,0,59:60:61|s,0,-15,0,0,0,-100,300,679356189,-5,25|s,0,-10,0,0,0,0,0,775027313,-5,25|s,0,-16,0,0,0,0,0,674862932,-5,25|w,0,0,0,0,0,0,0,2372616864,51683977,396721535=0,2160906242=1,949755303=2,442447909=3,2344274070=4,3588792990=5,1740404348=6,2842956116=2,1949414222=7,4271032351=8,3406576096=9,1495951275=8,330552738=8,3792001899=10,1015709836=11,2140559982=2,157096522=12,3536574011=13,2810898148=2,1091902251=14,2699295127=15,2236409707=8,1314331166=0,2444172179=8,443572638=16,3519379306=17,51683977=18,3670827150=19,980599153=8,2381499213=8:18,1799251662=20,1282015673=8:21,862615877=1,1466711521=19,562735848=22,1691831372=23,120355161=24,1002848495=25,2523406417=26,3963747356=4,796049858=27,583501647=28,2802490922=9,306052753=16,3737052860=21,1144890888=1,2646977232=12,4232103803=7,1591831106=29,3416013126=30,3645728038=21,3146088653=21,2755942821=21,1385909874=7,99383458=35,2353048702=12,2682310554=8,2174273506=8,4241774418=8,2872679474=2,268606155=21:8,3899539020=36:37,3729762022=38,972830525=20,3153754271=21:8,1830851631=2,914478924=36,3224952238=2,1341737782=37,734002816=18,820226525=18,86631615=21,207280708=39,652786553=40,1540219311=5,4280525446=2,78360149=22,3955794470=2,3417560431=18,1183067778=1:29,2535589771=8,3900702236=2,529567813=8:18,4016260516=41,1185006139=41,3095691262=21,1428065696=42,1391413786=18,680725036=2,3460604284=21,703486095=7,1457434493=15:46,2326215132=1:8,3600472774=8:21,2454616260=29:47,3966406598=48,1066065887=16:8,1112984576=49,3924851154=37:29:25,2635692013=18,1238867505=21:8,3387888028=1,1602519891=50,3165232487=53,4181503171=16,1734523121=54,1274524132=17,2529629939=55,2084399591=15,3169973062=56,3169973061=18,3693314512=57,30141859=27:17,1850252316=58,732845066=2,1801572680=2,3293146282=9,241555877=62,3718783119=63,3823523668=41,2214456936=15:22,3337078682=64,1049476940=18,3075112991=65,3495945699=0,3239240605=16|l,0,4,0,0,0,0,0,66
play_wpn_gun_shot_01|524|s,0,0,0,0,0,0,0,343635155,-5,153|s,0,0,0,0,0,0,0,1015706995,-5,153|s,0,0,0,0,0,0,0,931755708,-5,153|r,0,1,0,0,0,0,0,0:1:2|s,0,0,0,0,0,0,0,902419381,-5,25|s,0,0,0,0,0,0,0,591513616,-5,25|s,0,0,0,0,0,0,0,800840782,-5,25|r,0,1,0,0,0,-50,50,4:5:6|s,0,0,0,0,0,0,0,567305924,-5,153|s,0,0,0,0,0,0,0,297405112,-5,153|s,0,0,0,0,0,0,0,191287333,-5,153|r,0,0,-300,0,0,0,0,8:9:10|s,0,0,0,0,0,-200,0,470777877,-5,153|s,0,0,0,0,0,0,0,663352933,-5,153|s,0,0,-100,0,0,0,0,461968435,-5,153|r,0,0,0,0,0,0,0,12:13:14|s,0,0,0,0,0,0,0,147807702,-5,153|s,0,0,0,0,0,0,0,936959507,-5,153|s,0,0,0,0,0,0,0,717237044,-5,153|s,0,0,0,0,0,0,0,560452521,-5,153|s,0,0,0,0,0,0,0,428805239,-5,153|r,0,0,200,0,0,-100,0,16:17:18:19:20|s,0,0,0,0,0,0,0,486928332,-5,25|s,0,0,0,0,0,0,0,536699086,-5,25|s,0,0,0,0,0,0,0,1027978887,-5,25|r,0,1,0,0,0,0,0,22:23:24|s,0,5,100,0,0,0,0,399907937,-5,25|s,0,0,0,0,0,0,0,72284646,-5,25|s,0,0,0,0,0,0,0,115582343,-5,25|r,0,0,0,0,0,0,0,26:27:28|s,0,0,0,0,0,0,0,216320493,-5,153|s,0,0,0,0,0,0,0,136037731,-5,153|s,0,0,0,0,0,0,0,760360887,-5,153|r,0,0,0,0,0,0,0,30:31:32|s,0,0,0,0,0,0,0,666960526,-5,25|s,0,0,0,0,0,0,0,1030931194,-5,25|s,0,0,0,0,0,0,0,834561228,-5,25|r,0,1,0,0,0,0,0,34:35:36|s,0,0,0,0,0,0,0,931639929,-5,153|s,0,0,0,0,0,0,0,912481059,-5,153|s,0,0,0,0,0,0,0,765492821,-5,153|r,0,1,0,0,0,-50,50,38:39:40|s,0,0,0,0,0,0,0,619455747,-5,25|s,0,0,0,0,0,0,0,631655681,-5,25|s,0,0,0,0,0,0,0,762525208,-5,25|r,0,1,0,0,0,0,0,42:43:44|s,0,0,0,0,0,0,0,15651212,-5,153|s,0,0,0,0,0,0,0,235551330,-5,153|s,0,0,0,0,0,0,0,1058332935,-5,153|r,0,0,0,0,0,0,0,46:47:48|s,0,0,0,0,0,0,0,334432988,-5,153|s,0,0,0,0,0,0,0,10050083,-5,153|s,0,0,0,0,0,0,0,1068756149,-5,153|r,0,1,0,0,0,0,0,50:51:52|s,0,0,0,0,0,0,0,658251802,-5,153|s,0,0,0,0,0,0,0,82695532,-5,153|s,0,0,0,0,0,0,0,480436091,-5,153|r,0,-10,0,-2,0,0,0,54:55:56|s,0,0,0,0,0,0,0,192875976,-5,25|s,0,0,0,0,0,0,0,943606595,-5,25|s,0,0,0,0,0,0,0,1071916180,-5,25|r,0,0,0,0,0,0,0,58:59:60|s,0,0,0,0,0,0,0,550088552,-5,153|s,0,0,0,0,0,0,0,13782322,-5,153|s,0,0,0,0,0,0,0,718572470,-5,153|r,0,4,0,0,0,0,100,62:63:64|s,0,0,0,0,0,0,0,119932327,-5,25|s,0,0,0,0,0,0,0,453779093,-5,25|s,0,0,0,0,0,0,0,438346677,-5,25|r,0,-2,100,0,0,-250,100,66:67:68|s,0,0,0,0,0,0,0,301329891,-5,153|s,0,0,0,0,0,0,0,844017997,-5,153|s,0,0,0,0,0,0,0,1000499749,-5,153|r,0,1,0,0,0,0,0,70:71:72|s,0,0,0,0,0,0,0,1001325638,-5,153,2,0|s,0,0,0,0,0,0,0,228628991,-5,153,2,0|s,0,0,0,0,0,0,0,746728798,-5,153,2,0|r,0,2,0,0,0,0,0,74:75:76|s,0,0,0,0,0,0,0,567305924,-5,153|s,0,0,0,0,0,0,0,297405112,-5,153|s,0,0,0,0,0,0,0,191287333,-5,153|r,0,2,0,0,0,0,0,78:79:80|s,0,0,0,0,0,0,0,209708069,-5,153|s,0,0,0,0,0,0,0,1047486887,-5,153|s,0,0,0,0,0,0,0,838452771,-5,153|r,0,1,0,0,0,0,0,82:83:84|s,0,0,0,0,0,0,0,251429102,-5,153|s,0,0,0,0,0,0,0,83595542,-5,153|s,0,0,0,0,0,0,0,80143077,-5,153|r,0,2,0,0,0,0,0,86:87:88|s,0,0,0,0,0,0,0,1057129134,-5,25|s,0,0,0,0,0,0,0,936067582,-5,25|s,0,0,0,0,0,0,0,208154025,-5,25|r,0,0,0,0,0,-25,25,90:91:92|s,0,0,0,0,0,0,0,450705730,-5,153|s,0,0,0,0,0,0,0,1032382807,-5,153|s,0,0,0,0,0,0,0,827179948,-5,153|r,0,0,0,0,0,0,0,94:95:96|s,0,0,0,0,0,0,0,251429102,-5,153|s,0,0,0,0,0,0,0,83595542,-5,153|s,0,0,0,0,0,0,0,80143077,-5,153|r,0,2,250,0,0,0,0,98:99:100|s,0,0,0,0,0,0,0,167729726,-5,153|s,0,0,0,0,0,0,0,246292833,-5,153|r,0,2,0,0,0,0,0,102:103|s,0,0,0,0,0,0,0,685245246,-5,153|s,0,0,0,0,0,0,0,577653840,-5,153|s,0,0,0,0,0,0,0,939457237,-5,153|r,0,0,-250,0,0,-25,25,105:106:107|s,0,0,0,0,0,0,0,869073106,-5,153|s,0,0,0,0,0,0,0,452458663,-5,153|s,0,2,0,0,0,0,0,854534017,-5,153|r,0,0,0,0,0,-50,50,109:110:111|s,0,0,0,0,0,0,0,154745237,-5,25|s,0,0,0,0,0,0,0,841017041,-5,25|s,0,0,0,0,0,0,0,780457933,-5,25|r,0,1,0,0,0,0,0,113:114:115|s,0,0,0,0,0,0,0,679223293,-5,25|s,0,0,0,0,0,0,0,299596677,-5,25|s,0,0,0,0,0,0,0,105299113,-5,25|r,0,-5,100,0,0,-25,25,117:118:119|s,0,0,0,0,0,0,0,216320493,-5,153|s,0,0,0,0,0,0,0,136037731,-5,153|s,0,0,0,0,0,0,0,760360887,-5,153|r,0,0,-100,0,0,0,0,121:122:123|s,0,0,-100,0,0,0,0,658451061,-5,25|r,2,0,480,0,0,0,0,125,1,1|s,0,0,0,0,0,0,0,1048989834,-5,25,5,0|s,0,0,0,0,0,0,0,125209834,-5,25,5,0|s,0,0,0,0,0,0,0,515130317,-5,25,5,0|r,0,0,0,0,0,-150,100,127:128:129|s,0,0,0,0,0,0,0,331040556,-5,153|s,0,0,0,0,0,0,0,647544800,-5,153|s,0,0,0,0,0,0,0,853433046,-5,153|r,0,0,0,0,0,0,0,131:132:133|s,0,0,0,0,0,0,0,953088090,-5,25|s,0,0,0,0,0,0,0,228799844,-5,25|s,0,0,0,0,0,0,0,892323566,-5,25|r,0,0,800,0,0,-250,350,135:136:137|s,0,0,0,0,0,0,0,945691012,-5,25|s,0,0,0,0,0,0,0,958115376,-5,25|s,0,0,0,0,0,0,0,776722354,-5,25|r,0,0,-200,0,0,-25,25,139:140:141|s,0,0,0,0,0,0,0,957773859,-5,25|s,0,0,0,0,0,0,0,861280523,-5,25|s,0,0,0,0,0,0,0,1017891937,-5,25|r,0,0,0,0,0,0,0,143:144:145|s,0,0,0,0,0,0,0,567209475,-5,25|s,0,0,0,0,0,0,0,186286468,-5,25|s,0,0,0,0,0,0,0,195424117,-5,25|r,0,3,0,0,0,0,0,147:148:149|s,0,0,0,0,0,0,0,119932327,-5,25|s,0,0,0,0,0,0,0,453779093,-5,25|s,0,0,0,0,0,0,0,438346677,-5,25|r,0,2,-200,0,0,-250,350,151:152:153|s,0,0,0,0,0,0,0,739317080,-5,153|s,0,0,0,0,0,0,0,414510942,-5,153|r,0,0,0,0,0,0,0,155:156|s,0,0,0,0,0,0,0,269382646,-5,153|r,0,0,0,-4,0,-50,50,158|s,0,0,0,0,0,0,0,35211621,-5,25|s,0,0,0,0,0,0,0,524941076,-5,25|s,0,0,0,0,0,0,0,260557099,-5,25|r,0,0,600,0,0,-50,50,160:161:162|s,0,0,0,0,0,0,0,272710472,-5,153|s,0,0,0,0,0,0,0,493593754,-5,153|s,0,0,0,0,0,0,0,144132381,-5,153|r,0,0,0,0,0,0,0,164:165:166|s,0,2,0,0,0,0,0,418036946,-5,25|s,0,2,0,0,0,0,0,144396173,-5,25|s,0,2,0,0,0,0,0,123957049,-5,25|r,0,0,0,0,0,-200,200,168:169:170|s,0,0,0,0,0,0,0,217497886,-5,25,7,0|s,0,0,0,0,0,0,0,187178996,-5,25,7,0|s,0,0,0,0,0,0,0,886542784,-5,25,7,0|s,0,0,0,0,0,0,0,344547103,-5,25,7,0|r,0,0,-100,0,0,-200,200,172:173:174:175|s,2,5,0,0,0,0,0,213323847,-5,153,1,0|s,0,4,0,0,0,0,0,940848108,-5,153|s,0,3,0,0,0,0,0,281327377,-5,153|l,0,3,0,0,0,-200,100,177:178:179|s,2,-2,0,0,0,0,0,651392717,-5,25,1,0|s,0,3,0,0,0,0,0,911392588,-5,25|s,0,5,330,0,0,0,0,226630728,-5,25|l,0,-2,0,0,0,-200,100,181:182:183|s,0,2,0,0,0,0,0,725294788,-5,153|s,2,-5,0,0,0,0,0,92921246,-5,153,1,0|l,0,-2,-300,0,0,-200,0,185:186|s,0,5,-100,0,0,0,0,962242868,-5,25|s,0,0,0,0,0,0,0,662644711,-5,25|s,0,0,0,0,0,0,0,720116070,-5,25|s,2,-10,200,0,0,0,0,268751427,-5,25,1,0|l,0,-2,0,0,0,-50,50,189:190:191|s,2,-1,0,0,0,0,0,899582751,-5,25,1,0|l,0,-20,0,0,0,-50,50,188:192:193|s,2,-10,200,0,0,0,0,268751427,-5,25,1,0|s,0,0,0,0,0,0,0,662644711,-5,25|s,0,0,0,0,0,0,0,720116070,-5,25|l,0,-10,0,0,0,-50,50,195:196:197|s,2,10,0,0,0,0,0,1018907772,-5,25,1,0|s,0,12,0,0,0,0,0,921067407,-5,25|l,0,1,0,0,0,-100,100,199:200|s,0,2,0,0,0,0,0,725294788,-5,153|s,2,-7,200,0,0,0,0,92921246,-5,153,1,0|l,0,-3,0,0,0,0,100,202:203|s,2,-7,200,0,0,0,0,92921246,-5,153,1,0|s,0,2,0,0,0,0,0,725294788,-5,153|l,0,-5,800,0,0,0,100,205:206|s,2,0,75,0,0,0,0,1061780528,-5,25,1,0|s,0,3,0,0,0,-100,100,492887748,-5,25|s,0,0,0,0,0,-100,100,75543267,-5,25|l,0,0,0,0,0,0,0,208:209:210|s,0,0,0,0,0,-200,100,1019672372,-5,153|s,0,0,-200,0,0,-200,200,393863599,-5,153|s,0,1,0,0,0,-100,0,956893544,-5,153|s,0,-3,200,0,0,-400,200,965209532,-5,153,4,0|s,0,1,0,0,0,-100,100,17918764,-5,153|s,0,0,0,0,0,-300,400,415582754,-5,153|s,0,-2,-200,0,0,-300,250,393863599,-5,153,3,0|s,0,0,0,0,0,-100,100,391245596,-5,153|s,0,0,0,0,0,-400,200,918968512,-5,153|s,0,0,0,0,0,-200,300,385021336,-5,153,10,0|s,0,0,0,0,0,0,0,774316690,-5,153|s,0,0,0,-3,3,-150,150,851198212,-5,153|s,0,0,-100,0,0,-200,100,415582754,-5,153|s,0,0,-500,0,0,0,0,143091498,-5,153|s,0,0,0,0,0,0,0,17918764,-5,153|s,0,0,0,0,0,0,0,919474595,-5,153|s,0,0,0,0,0,0,0,550088552,-5,153|s,0,0,0,0,0,0,0,13782322,-5,153|s,0,0,0,0,0,0,0,718572470,-5,153|r,0,6,0,0,0,0,0,228:229:230|s,0,0,0,0,0,-200,0,470777877,-5,153|s,0,0,0,0,0,0,0,663352933,-5,153|s,0,0,-100,0,0,0,0,461968435,-5,153|r,0,4,0,0,0,-200,200,232:233:234|s,0,7,0,-3,3,-150,150,851198212,-5,153|s,0,0,0,0,0,0,0,192875976,-5,25|s,0,0,0,0,0,0,0,943606595,-5,25|s,0,0,0,0,0,0,0,1071916180,-5,25|r,0,7,0,0,0,0,0,237:238:239|l,0,-2,0,0,0,0,0,231:235:236:240|s,0,0,0,0,0,0,0,855616463,-5,25|s,0,0,0,0,0,0,0,366345821,-5,25|s,0,0,0,0,0,0,0,988201772,-5,25|r,0,-2,0,0,0,-50,50,242:243:244|s,2,0,0,0,0,0,0,964868304,-5,153,1,0|s,0,0,0,0,0,0,0,922957506,-5,153|l,0,0,0,0,0,0,0,246:247|s,0,0,0,0,0,0,0,614950322,-5,153|s,0,0,0,0,0,0,0,317197240,-5,153|s,0,0,0,0,0,0,0,137150558,-5,153|s,0,0,0,0,0,0,0,823183847,-5,153|r,0,0,0,0,0,0,0,249:250:251:252|s,0,0,0,0,0,-100,100,220044643,-5,153|s,0,0,0,0,0,0,0,838431964,-5,153|s,0,0,0,0,0,0,0,907522086,-5,153|s,2,0,400,0,0,0,0,317456123,-5,153,1,0|s,0,0,0,0,0,0,0,43948637,-5,153|l,0,-5,0,0,0,0,0,256:257:258|s,0,5,-100,0,0,0,0,560246333,-5,153|s,2,0,0,0,0,0,0,454671097,-5,153,1,0|l,0,0,0,0,0,-300,200,260:261|s,0,0,-500,0,0,-100,100,143091498,-5,153|s,0,0,-400,0,0,-300,0,84158783,-5,25|s,0,0,0,0,0,0,0,1069919033,-5,153|s,0,0,0,0,0,0,0,709071122,-5,153|s,0,0,0,0,0,0,0,637079498,-5,153|r,0,0,-200,0,0,-100,100,265:266:267|s,0,0,0,0,0,0,0,951558298,-5,153|s,0,0,0,0,0,0,0,826913904,-5,153|r,0,2,0,0,0,-200,0,269:270|s,0,0,0,0,0,0,0,277949759,-5,153|s,0,0,0,0,0,0,0,33900382,-5,153|s,0,0,0,0,0,0,0,605583376,-5,153|r,0,0,0,0,0,0,0,272:273:274|s,0,0,0,0,0,-100,100,566175479,-5,25|s,0,0,200,0,0,-100,100,1073013007,-5,25|s,0,0,0,0,0,0,0,639290076,-5,25|s,0,0,0,0,0,0,0,91738197,-5,25|s,0,0,0,0,0,0,0,512178280,-5,25|r,0,0,-100,0,0,0,0,278:279:280|s,0,0,0,0,0,0,0,473446140,-5,153|s,0,0,0,0,0,0,0,782826110,-5,153|s,0,0,0,0,0,0,0,247313180,-5,153|r,0,0,0,0,0,0,0,282:283:284|s,0,0,0,0,0,0,0,854735836,-5,25|s,0,0,0,0,0,0,0,221336514,-5,25|s,0,0,0,0,0,0,0,322623581,-5,25|r,0,0,80,0,0,-25,100,286:287:288|s,0,0,-50,0,0,0,0,78156304,-5,153|s,0,0,0,0,0,0,0,634899368,-5,153|s,0,0,0,0,0,0,0,677396258,-5,153|r,0,-4,-50,-2,0,0,100,290:291:292|s,0,0,0,0,0,-25,0,908301164,-5,25|s,0,0,0,0,0,0,0,1003450700,-5,153|s,0,0,0,0,0,0,0,992033076,-5,153|s,0,0,0,0,0,0,0,790600255,-5,153|r,0,-3,0,0,0,-100,150,295:296:297|s,0,0,-200,0,0,-300,0,644630301,-5,153|s,0,0,0,0,0,0,0,826735078,-5,153|s,0,-5,0,0,0,0,300,432651814,-5,153|l,0,0,0,0,0,0,0,300:301|s,0,-5,0,0,0,0,0,768717238,-5,153|s,0,0,0,0,0,0,0,659886594,-5,153|s,0,0,0,0,0,0,0,319314007,-5,153|s,0,0,0,0,0,0,0,315661998,-5,153|s,0,0,0,0,0,0,0,657445852,-5,153|r,0,0,0,0,0,-50,50,303:304:305:306:307|s,0,-5,400,0,0,-50,50,314653239,-5,25|s,0,0,180,0,0,-100,100,958154528,-5,153|s,0,0,0,0,0,0,0,240274486,-5,153|s,0,0,0,0,0,0,0,329088695,-5,153|s,0,0,0,0,0,0,0,77321339,-5,153|r,0,1,0,0,0,-200,0,311:312:313|s,0,0,0,0,0,0,0,503879098,-5,25,1,0|s,0,1,0,0,0,0,0,142057589,-5,153,1,0|s,2,0,0,0,0,0,0,623379254,-5,153,1,0|r,0,-1,100,0,0,0,0,315:316:317,2,1|s,2,0,0,0,0,0,0,876447128,-5,25,1,0|s,0,0,0,0,0,0,0,380285568,-5,153|s,0,0,0,0,0,0,0,295579049,-5,153|s,0,0,0,0,0,0,0,839679409,-5,153|r,0,0,0,0,0,-100,0,320:321:322|s,0,0,0,0,0,0,0,884131096,-5,153|s,0,0,0,0,0,0,0,900494183,-5,153|s,0,0,0,0,0,0,0,685530609,-5,153|r,0,0,0,0,0,-50,50,324:325:326|s,0,-10,280,-3,3,-50,50,974080583,-5,25|s,0,0,0,0,0,0,0,321712344,-5,153|s,0,0,0,0,0,0,0,391430981,-5,153|s,0,0,0,0,0,0,0,1054000664,-5,153|r,0,0,300,0,0,-50,50,329:330:331|s,0,0,0,0,0,0,0,280654602,-5,153|s,0,0,0,0,0,0,0,277820808,-5,153|s,0,0,0,0,0,0,0,351776554,-5,153|r,0,0,0,0,0,-50,50,333:334:335|s,0,0,0,0,0,0,0,594275156,-5,153|s,0,0,0,0,0,0,0,378739003,-5,153|s,0,0,0,0,0,0,0,401954987,-5,153|r,0,0,0,0,0,-50,50,337:338:339|s,0,0,-100,0,0,-50,50,396094945,-5,25|s,0,0,0,0,0,0,0,849237505,-5,153|s,0,0,0,0,0,0,0,357021500,-5,153|s,0,0,0,0,0,0,0,154200156,-5,153|r,0,0,-80,0,0,0,100,342:343:344|s,0,0,0,0,0,0,0,625032870,-5,153|s,0,0,0,0,0,0,0,441714926,-5,153|s,0,0,0,0,0,0,0,188996468,-5,153|r,0,0,0,0,0,-150,150,346:347:348|s,0,-5,0,0,0,0,0,458685442,-5,153|s,0,0,0,0,0,0,0,489101152,-5,153|s,0,0,0,0,0,0,0,820683849,-5,153|s,0,0,0,0,0,0,0,945392044,-5,153|s,0,0,0,0,0,0,0,271063494,-5,153|r,0,0,400,0,0,-50,50,350:351:352:353:354|s,0,6,230,0,0,0,0,921067407,-5,25|s,2,10,0,0,0,0,0,1018907772,-5,25,1,0|l,0,-1,-300,0,0,-100,100,356:357|s,0,0,200,0,0,-100,200,45274867,-5,25|s,0,-5,0,0,0,-200,0,324963611,-5,25|s,0,0,0,0,0,0,0,321712344,-5,153|s,0,0,0,0,0,0,0,391430981,-5,153|s,0,0,0,0,0,0,0,1054000664,-5,153|r,0,0,600,0,0,-50,50,361:362:363|s,0,0,0,0,0,-100,0,264488908,-5,25|s,0,0,0,-5,0,0,0,223416224,-5,25|s,2,0,300,0,0,0,0,651392717,-5,153,1,0|s,0,4,-100,0,0,-100,100,685665840,-5,153|s,0,0,200,0,0,-100,100,989720907,-5,153|l,0,-7,0,0,0,0,0,367:368:369|s,0,0,0,0,0,0,0,669822635,-5,25|s,0,0,0,0,0,0,0,524169376,-5,25|s,0,0,0,0,0,0,0,917045034,-5,25|r,0,0,200,0,0,-25,25,371:372:373|s,0,0,0,0,0,0,0,650392378,-5,153|s,0,0,0,0,0,0,0,901563910,-5,153|s,0,0,0,0,0,0,0,467274295,-5,153|r,0,0,100,0,0,-200,100,375:376:377|s,0,0,0,0,0,-100,100,901006911,-5,153|s,0,0,0,0,0,0,0,209155351,-5,153|s,0,-2,100,0,0,-100,100,600493414,-5,25|s,0,0,0,0,0,0,0,341334717,-5,153|s,0,0,0,0,0,0,0,300489871,-5,153|s,0,0,0,0,0,0,0,967336831,-5,153|r,0,0,100,0,0,-100,100,382:383:384|s,0,0,0,0,0,0,100,96423604,-5,153|s,2,-4,330,0,0,0,0,225859784,-5,153|l,0,-3,0,0,0,0,0,386:387|s,0,-5,200,0,0,0,100,101124516,-5,153|s,0,0,-200,0,0,-200,0,928871688,-5,153|l,0,0,0,0,0,0,0,389:390|s,0,-5,0,0,0,0,0,691045219,-5,153|s,0,0,0,0,0,0,0,984623572,-5,153|s,0,0,0,0,0,0,0,600707925,-5,153|s,0,0,0,0,0,0,0,524247826,-5,153|s,0,0,0,0,0,0,0,290538205,-5,153|r,0,-12,-400,0,0,-50,50,392:393:394:395:396|s,0,-5,200,0,0,-100,100,418098907,-5,25|s,0,-21,-280,0,0,-200,200,65691270,-5,25|s,0,-3,0,0,0,0,0,775541579,-5,153|s,0,2,0,0,0,0,0,842315587,-5,153|s,0,2,0,0,0,0,0,948468930,-5,153|r,0,3,-300,0,0,-100,100,400:401:402,0,2|s,0,-16,-300,0,0,-20,20,41093686,-5,25|s,0,0,0,0,0,0,0,867190444,-5,153|s,0,0,0,0,0,0,0,151460048,-5,153|s,0,0,0,0,0,0,0,343015836,-5,153|s,0,0,0,0,0,0,0,746666080,-5,153|s,0,0,0,0,0,0,0,530987240,-5,153|r,0,-3,0,-5,0,-100,300,405:406:407:408:409|s,0,0,0,0,0,0,0,890369116,-5,153|s,0,0,0,0,0,0,0,543216404,-5,153|s,0,0,0,0,0,0,0,291207000,-5,153|r,0,0,0,0,0,-50,50,411:412:413|s,0,0,0,0,0,0,0,432143667,-5,153|s,0,0,0,0,0,0,0,843852674,-5,153|s,0,0,0,0,0,0,0,293330473,-5,153|r,0,2,-100,0,0,-50,50,415:416:417|s,0,-5,-100,-2,0,-50,25,588240934,-5,25|s,0,0,0,0,0,0,0,816035008,-5,25|s,2,-10,200,0,0,0,0,115735978,-5,25,1,0|s,0,0,0,0,0,0,0,480512939,-5,25|l,0,-9,-300,0,0,-50,50,420:421:422|s,0,0,0,0,0,0,0,685245246,-5,153|s,0,0,0,0,0,0,0,577653840,-5,153|s,0,0,0,0,0,0,0,939457237,-5,153|r,0,-5,610,0,0,-25,25,424:425:426|s,0,0,0,0,0,-200,100,427692811,-5,153|s,2,-3,0,0,0,-200,100,98543012,-5,153|l,0,0,0,0,0,0,0,428:429|s,0,0,0,0,0,0,0,633837773,-5,153,1,0|s,0,0,0,0,0,0,0,343753328,-5,153,1,0|s,0,0,0,0,0,0,0,884155331,-5,153,1,0|r,0,-5,0,0,0,-100,0,431:432:433|s,0,0,0,0,0,0,0,630073999,-5,153|s,0,0,0,0,0,0,0,74075402,-5,153|s,0,0,0,0,0,0,0,849191298,-5,153|r,0,0,0,0,0,-50,50,435:436:437|s,0,0,0,0,0,0,0,364745878,-5,153|s,0,0,0,0,0,0,0,200813580,-5,153|s,0,0,0,0,0,0,0,755246728,-5,153|r,0,0,0,0,0,-50,100,439:440:441|s,0,0,0,0,0,0,0,922957506,-5,153|s,2,-3,0,0,0,-200,0,234650513,-5,25|l,0,-3,0,0,0,0,0,443:444|s,0,0,0,0,0,0,0,682502978,-5,153|s,0,0,0,0,0,0,0,518936809,-5,153|s,0,0,0,0,0,0,0,308607390,-5,153|r,0,-3,0,0,0,-100,100,446:447:448|s,0,-1,0,0,0,-200,0,749235388,-5,25|s,0,0,0,0,0,0,0,341334717,-5,153|s,0,0,0,0,0,0,0,300489871,-5,153|s,0,0,0,0,0,0,0,967336831,-5,153|r,0,-2,400,0,0,-100,100,451:452:453|s,0,0,0,0,0,0,0,611012874,-5,153|s,0,0,0,0,0,0,0,633691185,-5,153|s,0,0,0,0,0,0,0,910623833,-5,153|r,0,-4,200,0,0,-50,50,455:456:457|s,0,0,0,0,0,-200,0,511909652,-5,25|s,0,-3,400,0,0,0,300,838087307,-5,25|s,2,0,0,0,0,0,0,285641611,-5,153|s,2,0,0,0,0,0,0,434504288,-5,153|r,0,0,0,0,0,0,0,461:462|s,0,-2,0,0,0,-50,50,46585484,-5,25|s,0,0,0,0,0,-100,0,402563781,-5,25|s,0,0,0,0,0,0,0,1062737302,-5,153|s,2,0,0,0,0,0,0,963337163,-5,153|l,0,-5,0,0,0,0,0,466:467|s,0,-5,0,0,0,0,0,1067172794,-5,153|s,0,-5,0,0,0,-100,0,822184386,-5,153|l,0,-15,150,0,0,0,0,469:470|s,0,0,0,0,0,0,0,764047453,-5,153|s,0,0,0,0,0,0,0,921577549,-5,153|s,0,0,0,0,0,0,0,893768694,-5,153|r,0,-5,0,0,0,-25,25,472:473:474|s,2,0,0,0,0,0,0,967283067,-5,153|s,0,0,0,0,0,0,0,919600418,-5,153|l,0,-2,0,0,0,-100,0,476:477|s,0,0,0,0,0,0,0,981064751,-5,153|s,0,0,0,0,0,0,0,974857747,-5,153|r,0,0,0,0,0,-100,100,479:480|s,0,2,0,0,0,-100,100,422966201,-5,25|s,0,0,0,0,0,-100,0,577205419,-5,25|s,0,-3,-100,0,0,-50,0,883427929,-5,25,2,0|s,0,0,0,0,0,0,0,415043064,-5,153|s,0,0,0,0,0,0,0,386352040,-5,153|s,0,0,0,0,0,0,0,309944784,-5,153|r,0,0,0,0,0,-25,25,485:486:487|s,0,0,0,0,0,0,0,381222067,-5,153|s,0,0,0,0,0,0,0,450981992,-5,153|s,0,0,0,0,0,0,0,162874657,-5,153|r,0,-5,0,0,0,-50,0,489:490:491|s,0,0,0,0,0,0,0,722876944,-5,153|s,0,0,0,0,0,0,0,682716808,-5,153|s,0,0,0,0,0,0,0,10299801,-5,153|r,0,0,0,0,0,0,0,493:494:495|s,2,-13,0,0,0,0,0,967551963,-5,153|s,0,0,0,0,0,0,0,440352806,-5,153|s,0,0,0,0,0,0,0,357134883,-5,153|s,0,0,0,0,0,0,0,594710465,-5,153|r,0,-12,0,0,0,-200,0,498:499:500|l,0,0,100,0,0,-50,0,497:501|s,0,0,0,0,0,0,0,330367495,-5,153|s,0,0,0,0,0,0,0,949245097,-5,153|s,0,0,0,0,0,0,0,618917589,-5,153|r,0,0,0,0,0,-50,50,503:504:505|s,0,-10,0,0,0,-25,25,530273545,-5,25|s,0,-3,-300,0,0,-200,100,415582754,-5,153|s,0,0,0,0,0,0,0,663624600,-5,153|l,0,0,0,0,0,0,0,508:509|s,0,0,0,0,0,0,0,59771442,-5,153|s,0,0,0,0,0,0,0,458509170,-5,153|s,0,0,0,0,0,0,0,572772078,-5,153|r,0,0,330,0,0,-50,50,511:512:513|s,0,0,0,0,0,0,0,1011437038,-5,153|s,0,0,0,0,0,0,0,591370231,-5,153|s,0,0,0,0,0,0,0,975442794,-5,153|r,0,0,0,0,0,0,100,515:516:517|s,0,0,0,0,0,0,0,516774424,-5,153|s,2,-15,710,0,0,0,0,454671097,-5,153,1,0|l,0,0,0,0,0,0,0,519:520|s,2,-15,0,0,0,0,0,175841617,-5,153|w,0,0,0,0,0,0,0,2372616864,3588792990,396721535=3,2160906242=7,949755303=11,442447909=15,1475673213=21,2344274070=25,1127558284=29,3588792990=33,36551189=37,1740404348=41,2842956116=45,1949414222=49,4271032351=53,3031309620=57,3406576096=61,3999383575=65,1495951275=69,657744959=73,330552738=77,3792001899=81,1015709836=85,2140559982=89,157096522=93,3536574011=97,2810898148=101,1091902251=104,2699295127=108,2236409707=112,1314331166=116,2444172179=120,443572638=124,3519379306=126,51683977=130,3670827150=134,980599153=138,2381499213=142,1799251662=146,3206747537=150,1282015673=154,2961872941=157,2222119508=159,862615877=163,1466711521=167,3916357683=171,562735848=176,4246240632=180,4112609306=184,120355161=187,219857554=194,932570147=198,3386245873=201,3640427366=204,3146152684=207,3570250254=211,1002848495=212,2989900424=213,3266482404=214,1497186869=215,2466166447=216,2125190423=217,2523406417=218,3963747356=219,2571600983=220,3255686181=221,1093006634=222,2937287829=223,796049858=224,2031444850=225,308387606=226,583501647=227,2802490922=61,2012836709=241,3776419406=245,306052753=33,2480542990=248,3737052860=253,1972582751=254,538159066=255,2421361708=259,3615058975=262,1144890888=7,1757560249=263,3933301714=264,2646977232=93,4232103803=61,1591831106=268,3416013126=271,1621556860=159:218,3645728038=275,306800208=276,3146088653=277,2755942821=281,1385909874=285,99383458=69,2353048702=93:49,2682310554=53,2174273506=112,4241774418=69,2872679474=65:49,268606155=69:289,3899539020=285:293,4144100887=11,1753509437=65,3729762022=294,972830525=146,3153754271=138:298,1830851631=11:171,2886958743=130,3769607422=201,2196739537=299,2763783491=302,914478924=308,3224952238=309:310,1038823523=130,1341737782=314,1425203646=93,3232836819=318,3086237717=319,2683181270=323,734002816=327,820226525=61:328,2481646875=309:138,86631615=332,207280708=336,652786553=340,1540219311=341,4280525446=49:215,78360149=224:345,3955794470=49:81,3417560431=130:349,1183067778=245:355,3908816172=358,2535589771=69:349,3900702236=271:93,3787222256=359,4065015520=360,529567813=142:61,4016260516=215,1185006139=65:213,3095691262=364,1428065696=285:61,1008251884=365,4265317694=275:65,1391413786=130:65,680725036=332,4172726428=366:3,1056487630=370,3460604284=57,703486095=245,1457434493=374:293,2326215132=374:112,3600472774=374,2454616260=49:245:308,1710615842=378,1779141305=379,382248097=380,3966406598=381,1066065887=385,954941472=388,1968563150=391,1112984576=49,3924851154=355:293,2635692013=61,988391679=397,1238867505=245,3387888028=57:398,2812932085=399,1602519891=403,2190884621=404,3165232487=410,4181503171=414,1734523121=418,1274524132=419,525146469=215,54431367=381,2215791561=222,3862984059=410,148569378=275,2529629939=65,3184043093=423,2084399591=427:308,1044414326=430,1910928019=434,2417912217=438,3169973062=442,3169973061=138,974111237=214:419,1573527922=214:293,3741204261=214:215,2827426678=214:298,3569056788=445,3693314512=449,30141859=450,1850252316=454,732845066=458,1801572680=459,3293146282=460:61,241555877=463,3718783119=464,2036265538=465,1387910825=468,2157568108=471,4056949018=475,66395081=478,2727111221=481,2942251710=482,3156848353=483,2214456936=484,3337078682=488,1049476940=492,3075112991=496,2457965907=502,2562487356=506,3495945699=507,2109163407=510,60671972=514,60671974=518,60671969=521,60671968=484,1720438449=522,3239240605=124|l,0,2,0,0,0,0,0,523|t,0,500,0,0,0,0,0,#play_wpn_blackhole_charge_01;play_wpn_bountyhunterarm_charge_01;play_wpn_charmedbow_charge_01;play_wpn_crescentbow_charge_01;play_wpn_gun_charge_01;play_wpn_megablaster_charge_01;play_wpn_seriouscannon_charge_01;play_wpn_woodbow_charge_01|t,0,500,0,0,0,0,0,#play_wpn_charmedbow_charge_02;play_wpn_gun_charge_02;play_wpn_woodbow_charge_02|t,0,500,0,0,0,0,0,#play_wpn_gun_charge_03|t,0,500,0,0,0,0,0,#play_wpn_blackhole_charge_04;play_wpn_bountyhunterarm_charge_03;play_wpn_gun_charge_04
play_wpn_gun_shot_02|30|s,0,0,0,0,0,0,0,549681758,-5,153|s,0,0,0,0,0,0,0,907379166,-5,153|s,0,0,0,0,0,0,0,611609136,-5,153|r,0,0,-200,0,0,-200,0,0:1:2|s,0,0,0,0,0,0,0,9608869,-5,25|s,0,0,0,0,0,0,0,851798182,-5,25|s,0,0,0,0,0,0,0,533629132,-5,25|r,0,0,-200,0,0,-25,25,4:5:6|s,0,0,0,0,0,0,0,29751334,-5,153|s,0,0,100,0,0,0,200,833621688,-5,153|s,0,0,0,0,0,0,0,682414703,-5,153|s,0,0,0,0,0,-300,200,555518244,-5,153|s,0,1,10,0,0,0,200,38992057,-5,153|s,0,0,0,0,0,-200,200,233523317,-5,25|s,0,-2,0,0,0,-100,400,593475701,-5,25|s,0,0,0,0,0,0,0,192875976,-5,25|s,0,0,0,0,0,0,0,943606595,-5,25|s,0,0,0,0,0,0,0,1071916180,-5,25|r,0,0,0,0,0,0,0,15:16:17|s,0,0,0,0,0,0,0,262110814,-5,25|s,0,0,200,0,0,-100,200,45274867,-5,25|s,0,0,0,0,0,0,0,209155351,-5,153|s,0,0,0,0,0,0,0,687888161,-5,153|s,0,1,0,0,0,0,0,958154528,-5,153|s,0,0,0,0,0,0,0,1033012410,-5,25|s,0,0,0,0,0,0,0,648019825,-5,25|s,0,0,0,0,0,0,0,194960924,-5,25|r,0,0,-200,0,0,-25,25,24:25:26|s,0,4,0,0,0,-200,0,449436959,-5,25|w,0,1,0,0,0,0,0,2372616864,0,1949414222=3,2444172179=7,3266482404=8,2466166447=9,1093006634=10,308387606=11,583501647=11,3266189989=12:10,1621556860=13,639519169=12,3224952238=14,1038823523=18,2035948539=19:10:18,3955794470=3:18,3787222256=20,382248097=21,525146469=10,54431367=10,2215791561=22,2157427421=10,3806453906=10,3862984059=10,148569378=10,2529629939=9,974111237=23:27,1573527922=23:28,3741204261=23:10,2827426678=23:27|l,0,2,0,0,0,0,0,29|t,0,500,0,0,0,0,0,#play_wpn_blackhole_charge_01;play_wpn_bountyhunterarm_charge_01;play_wpn_charmedbow_charge_01;play_wpn_crescentbow_charge_01;play_wpn_gun_charge_01;play_wpn_megablaster_charge_01;play_wpn_seriouscannon_charge_01;play_wpn_woodbow_charge_01|t,0,500,0,0,0,0,0,#play_wpn_charmedbow_charge_02;play_wpn_gun_charge_02;play_wpn_woodbow_charge_02|t,0,500,0,0,0,0,0,#play_wpn_gun_charge_03|t,0,500,0,0,0,0,0,#play_wpn_blackhole_charge_04;play_wpn_bountyhunterarm_charge_03;play_wpn_gun_charge_04
play_wpn_gun_shot_03|8|s,0,1,0,0,0,0,0,958154528,-5,153|s,0,-8,-300,0,0,-25,25,297358284,-5,25|s,0,0,0,0,0,-200,0,449436959,-5,25|s,0,0,0,0,0,0,0,845240867,-5,25|s,0,0,0,0,0,0,0,590298882,-5,25|s,0,0,0,0,0,0,0,414309103,-5,25|r,0,0,-200,0,0,-25,25,3:4:5|w,0,1,0,0,0,0,0,2372616864,0,3266482404=0,3955794470=0,2529629939=0,974111237=0:1,1573527922=0:2,3741204261=0:6,2827426678=0:1|l,0,2,0,0,0,0,0,7|t,0,500,0,0,0,0,0,#play_wpn_blackhole_charge_01;play_wpn_bountyhunterarm_charge_01;play_wpn_charmedbow_charge_01;play_wpn_crescentbow_charge_01;play_wpn_gun_charge_01;play_wpn_megablaster_charge_01;play_wpn_seriouscannon_charge_01;play_wpn_woodbow_charge_01|t,0,500,0,0,0,0,0,#play_wpn_charmedbow_charge_02;play_wpn_gun_charge_02;play_wpn_woodbow_charge_02|t,0,500,0,0,0,0,0,#play_wpn_gun_charge_03|t,0,500,0,0,0,0,0,#play_wpn_blackhole_charge_04;play_wpn_bountyhunterarm_charge_03;play_wpn_gun_charge_04
play_wpn_gun_shot_05|6|s,0,0,100,0,0,-300,200,463427196,-5,153|s,0,0,0,0,0,0,0,884131096,-5,153|s,0,0,0,0,0,0,0,900494183,-5,153|s,0,0,0,0,0,0,0,685530609,-5,153|r,0,2,0,0,0,-50,50,1:2:3|w,0,1,0,0,0,0,0,2372616864,0,308387606=0,2529629939=4|l,0,2,0,0,0,0,0,5|t,0,500,0,0,0,0,0,#play_wpn_blackhole_charge_01;play_wpn_bountyhunterarm_charge_01;play_wpn_charmedbow_charge_01;play_wpn_crescentbow_charge_01;play_wpn_gun_charge_01;play_wpn_megablaster_charge_01;play_wpn_seriouscannon_charge_01;play_wpn_woodbow_charge_01|t,0,500,0,0,0,0,0,#play_wpn_charmedbow_charge_02;play_wpn_gun_charge_02;play_wpn_woodbow_charge_02|t,0,500,0,0,0,0,0,#play_wpn_gun_charge_03|t,0,500,0,0,0,0,0,#play_wpn_blackhole_charge_04;play_wpn_bountyhunterarm_charge_03;play_wpn_gun_charge_04
play_wpn_gunhand_shot_01|4|s,0,0,0,0,0,0,0,343635155,-5,153|s,0,0,0,0,0,0,0,1015706995,-5,153|s,0,0,0,0,0,0,0,931755708,-5,153|r,0,1,0,0,0,0,0,0:1:2|l,0,2,0,0,0,0,0,3
play_wpn_guzheng_loop_01|1|s,1,0,0,0,0,0,0,876447128,-5,25,1,0|l,0,2,0,0,0,0,0,0
play_wpn_h4mmer_shot_01|4|s,0,0,0,0,0,0,0,259022692,-5,25|s,0,0,0,0,0,0,0,75827240,-5,25|s,0,0,0,0,0,0,0,776628771,-5,25|r,0,-4,0,0,0,-50,50,0:1:2|l,0,1,0,0,0,0,0,3
play_wpn_iceogre_shot_01|3|s,0,0,0,0,0,0,0,826735078,-5,153|s,0,-5,0,0,0,0,300,432651814,-5,153|l,0,0,0,0,0,0,0,0:1|l,0,2,0,0,0,0,0,2
play_wpn_jk47_droop_01|1|s,0,-15,0,0,0,0,0,715330280,-5,25|l,0,4,0,0,0,0,0,0
play_wpn_knav3_reload_01|1|s,0,-5,0,0,0,-50,50,731153990,-5,153|l,0,4,0,0,0,0,0,0
play_wpn_knav3_shot_01|4|s,0,0,0,0,0,0,0,953088090,-5,25|s,0,0,0,0,0,0,0,228799844,-5,25|s,0,0,0,0,0,0,0,892323566,-5,25|r,0,0,800,0,0,-250,350,0:1:2|l,0,2,0,0,0,0,0,3
play_wpn_kthulu_blast_01|3|s,0,0,0,0,0,-200,300,46540295,-5,153,10,0|s,0,-5,430,0,0,-200,0,971540267,-5,153|l,0,-3,0,0,0,0,0,0:1|l,0,4,0,0,0,0,0,2
play_wpn_kthulu_soul_01|1|s,0,0,0,0,0,-40,100,654893109,-5,25|l,0,4,0,0,0,0,0,0
play_wpn_lamp_shot_01|4|s,0,0,0,0,0,0,0,301329891,-5,153|s,0,0,0,0,0,0,0,844017997,-5,153|s,0,0,0,0,0,0,0,1000499749,-5,153|r,0,1,0,0,0,0,0,0:1:2|l,0,2,0,0,0,0,0,3
play_wpn_life_orb_blast_01|1|s,0,1,0,0,0,-200,0,69694568,-5,25|l,0,4,0,0,0,0,0,0
play_wpn_life_orb_capture_01|1|s,0,4,0,0,0,-100,200,790395824,-5,25|l,0,4,0,0,0,0,0,0
play_wpn_life_orb_fade_01|1|s,0,-5,0,0,0,-300,0,629139773,-5,25|l,0,4,0,0,0,0,0,0
play_wpn_life_orb_shot_01|3|s,0,0,0,0,0,-200,100,427692811,-5,153|s,2,-3,0,0,0,-200,100,98543012,-5,153|l,0,0,0,0,0,0,0,0:1|l,0,2,0,0,0,0,0,2
play_wpn_looper_shot_01|4|s,0,0,0,0,0,0,0,1001325638,-5,153,2,0|s,0,0,0,0,0,0,0,228628991,-5,153,2,0|s,0,0,0,0,0,0,0,746728798,-5,153,2,0|r,0,2,0,0,0,0,0,0:1:2|l,0,2,0,0,0,0,0,3
play_wpn_lowercaser_alpha_bulletalpha_01|1|s,0,0,0,0,0,0,0,1039867694,-5,25,1,1|l,0,4,0,0,0,0,0,0
play_wpn_lowercaser_angry_chump_01|1|s,0,0,0,0,0,0,0,97750792,-5,25,1,1|l,0,4,0,0,0,0,0,0
play_wpn_lowercaser_angry_dork_01|1|s,0,0,0,0,0,0,0,979715869,-5,25,1,1|l,0,4,0,0,0,0,0,0
play_wpn_lowercaser_angry_loser_01|1|s,0,0,0,0,0,0,0,777135140,-5,25,1,1|l,0,4,0,0,0,0,0,0
play_wpn_lowercaser_angry_noodle_01|1|s,0,0,0,0,0,0,0,424808128,-5,25|l,0,4,0,0,0,0,0,0
play_wpn_lowercaser_angry_taffer_01|1|s,0,0,0,0,0,0,0,608814269,-5,25|l,0,4,0,0,0,0,0,0
play_wpn_lowercaser_bomb_boom_01|1|s,0,0,0,0,0,0,0,740338098,-5,25|l,0,4,0,0,0,0,0,0
play_wpn_lowercaser_bomb_kaboom_01|1|s,0,0,0,0,0,0,0,385502427,-5,25|l,0,4,0,0,0,0,0,0
play_wpn_lowercaser_bomb_pow_01|1|s,0,0,0,0,0,0,0,403077273,-5,25|l,0,4,0,0,0,0,0,0
play_wpn_lowercaser_bomb_rocket_01|1|s,0,0,0,0,0,0,0,154577998,-5,25|l,0,4,0,0,0,0,0,0
play_wpn_lowercaser_bye_booyakasha_01|1|s,0,1,0,0,0,0,0,83861809,-5,25|l,0,4,0,0,0,0,0,0
play_wpn_lowercaser_bye_cowabunga_01|1|s,0,1,0,0,0,0,0,619819236,-5,25|l,0,4,0,0,0,0,0,0
play_wpn_lowercaser_bye_farewell_01|1|s,0,1,0,0,0,0,0,684711188,-5,25|l,0,4,0,0,0,0,0,0
play_wpn_lowercaser_bye_gameover_01|1|s,0,1,0,0,0,0,0,931041591,-5,25|l,0,4,0,0,0,0,0,0
play_wpn_lowercaser_bye_goodbye_01|1|s,0,1,0,0,0,0,0,453775900,-5,25|l,0,4,0,0,0,0,0,0
play_wpn_lowercaser_bye_hastalavista_01|1|s,0,1,0,0,0,0,0,511089088,-5,25|l,0,4,0,0,0,0,0,0
play_wpn_lowercaser_bye_thanks_01|1|s,0,1,0,0,0,0,0,1002308207,-5,25|l,0,4,0,0,0,0,0,0
play_wpn_lowercaser_bye_thanksforplaying_01|1|s,0,1,0,0,0,0,0,1054815072,-5,25|l,0,4,0,0,0,0,0,0
play_wpn_lowercaser_bye_thankyou_01|1|s,0,1,0,0,0,0,0,773875208,-5,25|l,0,4,0,0,0,0,0,0
play_wpn_lowercaser_bye_toodles_01|1|s,0,1,0,0,0,0,0,1023481497,-5,25|l,0,4,0,0,0,0,0,0
play_wpn_lowercaser_chest_chest_01|1|s,0,0,0,0,0,0,0,228870166,-5,25|l,0,4,0,0,0,0,0,0
play_wpn_lowercaser_chest_hinge_01|1|s,0,0,0,0,0,0,0,120023508,-5,25|l,0,4,0,0,0,0,0,0
play_wpn_lowercaser_chest_lid_01|1|s,0,0,0,0,0,0,0,314457094,-5,25|l,0,4,0,0,0,0,0,0
play_wpn_lowercaser_chest_lock_01|1|s,0,0,0,0,0,0,0,37883699,-5,25|l,0,4,0,0,0,0,0,0
play_wpn_lowercaser_chest_mimic_01|1|s,0,0,0,0,0,0,0,673848236,-5,25|l,0,4,0,0,0,0,0,0
play_wpn_lowercaser_chest_paint_01|1|s,0,0,0,0,0,0,0,75857799,-5,25|l,0,4,0,0,0,0,0,0
play_wpn_lowercaser_chest_screw_01|1|s,0,0,0,0,0,0,0,607618104,-5,25|l,0,4,0,0,0,0,0,0
play_wpn_lowercaser_chest_teeth_01|1|s,0,0,0,0,0,0,0,848784392,-5,25|l,0,4,0,0,0,0,0,0
play_wpn_lowercaser_chest_tongue_01|1|s,0,0,0,0,0,0,0,918258428,-5,25|l,0,4,0,0,0,0,0,0
play_wpn_lowercaser_chest_wood_01|1|s,0,0,0,0,0,0,0,531181102,-5,25|l,0,4,0,0,0,0,0,0
play_wpn_lowercaser_magical_abra_01|1|s,0,0,0,0,0,0,0,195931097,-5,25|l,0,4,0,0,0,0,0,0
play_wpn_lowercaser_magical_hocus_01|1|s,0,0,0,0,0,0,0,1059525179,-5,25|l,0,4,0,0,0,0,0,0
play_wpn_lowercaser_magical_kadabra_01|1|s,0,0,0,0,0,0,0,625891489,-5,25|l,0,4,0,0,0,0,0,0
play_wpn_lowercaser_magical_magic_01|1|s,0,0,0,0,0,0,0,977360846,-5,25|l,0,4,0,0,0,0,0,0
play_wpn_lowercaser_magical_pocus_01|1|s,0,0,0,0,0,0,0,437838573,-5,25|l,0,4,0,0,0,0,0,0
play_wpn_lowercaser_magical_spell_01|1|s,0,0,0,0,0,0,0,327814162,-5,25|l,0,4,0,0,0,0,0,0
play_wpn_lowercaser_omega_bulletomega_01|1|s,0,0,0,0,0,0,0,65832750,-5,25|l,0,4,0,0,0,0,0,0
play_wpn_lowercaser_scary_boo_01|1|s,0,0,0,0,0,0,0,797221905,-5,25|l,0,4,0,0,0,0,0,0
play_wpn_lowercaser_scary_charm_01|1|s,0,0,0,0,0,0,0,189502458,-5,25|l,0,4,0,0,0,0,0,0
play_wpn_lowercaser_scary_cute_01|1|s,0,0,0,0,0,0,0,615179676,-5,25|l,0,4,0,0,0,0,0,0
play_wpn_lowercaser_scary_ghost_01|1|s,0,0,0,0,0,0,0,674771179,-5,25|l,0,4,0,0,0,0,0,0
play_wpn_lowercaser_scary_handsome_01|1|s,0,0,0,0,0,0,0,32165089,-5,25|l,0,4,0,0,0,0,0,0
play_wpn_lowercaser_scary_spooky_01|1|s,0,0,0,0,0,0,0,20619675,-5,25|l,0,4,0,0,0,0,0,0
play_wpn_lowercaser_slayer_blessed_01|1|s,0,0,0,0,0,0,0,411656080,-5,25|l,0,4,0,0,0,0,0,0
play_wpn_lowercaser_slayer_silver_01|1|s,0,0,0,0,0,0,0,133863809,-5,25|l,0,4,0,0,0,0,0,0
play_wpn_lowercaser_slayer_werewolf_01|1|s,0,0,0,0,0,0,0,595852402,-5,25|l,0,4,0,0,0,0,0,0
play_wpn_lowercaser_synergy_bulletplus_01|3|s,0,0,0,0,0,0,0,202044989,-5,153|s,0,0,0,0,0,0,0,279283301,-5,153|r,0,0,0,0,0,-100,0,0:1|l,0,4,0,0,0,0,0,2
play_wpn_lowercaser_wealth_cash_01|1|s,0,0,0,0,0,0,0,123296142,-5,25|l,0,4,0,0,0,0,0,0
play_wpn_lowercaser_wealth_coins_01|1|s,0,0,0,0,0,0,0,1068282897,-5,25|l,0,4,0,0,0,0,0,0
play_wpn_lowercaser_wealth_gold_01|1|s,0,0,0,0,0,0,0,678024866,-5,25|l,0,4,0,0,0,0,0,0
play_wpn_lowercaser_wealth_money_01|1|s,0,0,0,0,0,0,0,897028778,-5,25|l,0,4,0,0,0,0,0,0
play_wpn_lowercaser_wealth_shells_01|1|s,0,0,0,0,0,0,0,743512058,-5,25|l,0,4,0,0,0,0,0,0
play_wpn_m1911_reload_01|1|s,0,0,0,0,0,0,0,333149873,-5,153|l,0,4,0,0,0,0,0,0
play_wpn_m1911_shot_01|4|s,0,0,0,0,0,0,0,251429102,-5,153|s,0,0,0,0,0,0,0,83595542,-5,153|s,0,0,0,0,0,0,0,80143077,-5,153|r,0,2,0,0,0,0,0,0:1:2|l,0,2,0,0,0,0,0,3
play_wpn_m1rifle_reload_01|1|s,0,2,0,0,0,-50,50,37006062,-5,153|l,0,4,0,0,0,0,0,0
play_wpn_m1rifle_shot_01|4|s,0,0,0,0,0,0,0,567305924,-5,153|s,0,0,0,0,0,0,0,297405112,-5,153|s,0,0,0,0,0,0,0,191287333,-5,153|r,0,2,0,0,0,0,0,0:1:2|l,0,2,0,0,0,0,0,3
play_wpn_m79grenadelauncher_reload_01|1|s,0,2,0,0,0,0,0,161844558,-5,153|l,0,4,0,0,0,0,0,0
play_wpn_m79grenadelauncher_shot_01|4|s,0,0,0,0,0,0,0,209708069,-5,153|s,0,0,0,0,0,0,0,1047486887,-5,153|s,0,0,0,0,0,0,0,838452771,-5,153|r,0,1,0,0,0,0,0,0:1:2|l,0,2,0,0,0,0,0,3
play_wpn_magnum_empty_01|4|s,0,0,0,0,0,0,0,10733388,-5,25|s,0,0,0,0,0,0,0,971169235,-5,25|s,0,0,0,0,0,0,0,43611541,-5,25|r,0,0,0,0,0,0,0,0:1:2|l,0,2,0,0,0,0,0,3
play_wpn_magnum_reload_01|1|s,0,-3,0,0,0,0,0,341511377,-5,153|l,0,4,0,0,0,0,0,0
play_wpn_magnum_shells_01|4|s,0,0,0,0,0,0,0,1037174144,-5,25,5,0|s,0,0,0,0,0,0,0,491733328,-5,25,5,0|s,0,0,0,0,0,0,0,839093959,-5,25,5,0|r,0,-20,0,0,0,-50,50,0:1:2|l,0,4,0,0,0,0,0,3
play_wpn_magnum_shot_01|4|s,0,0,0,0,0,0,0,1057129134,-5,25|s,0,0,0,0,0,0,0,936067582,-5,25|s,0,0,0,0,0,0,0,208154025,-5,25|r,0,0,0,0,0,-25,25,0:1:2|l,0,2,0,0,0,0,0,3
play_wpn_mailbox_impact_01|0|s,0,0,0,0,0,-200,200,66045665,-5,25
play_wpn_mailbox_reload_01|1|s,0,5,0,0,0,0,0,403243982,-5,153|l,0,4,0,0,0,0,0,0
play_wpn_mailbox_shot_01|4|s,0,0,0,0,0,0,0,450705730,-5,153|s,0,0,0,0,0,0,0,1032382807,-5,153|s,0,0,0,0,0,0,0,827179948,-5,153|r,0,0,0,0,0,0,0,0:1:2|l,0,2,0,0,0,0,0,3
play_wpn_makarov_reload_01|1|s,0,-5,0,0,0,0,0,485336357,-5,153|l,0,4,0,0,0,0,0,0
play_wpn_makarov_shot_01|4|s,0,0,0,0,0,0,0,251429102,-5,153|s,0,0,0,0,0,0,0,83595542,-5,153|s,0,0,0,0,0,0,0,80143077,-5,153|r,0,2,250,0,0,0,0,0:1:2|l,0,2,0,0,0,0,0,3
play_wpn_megablaster_charge_01|1|s,1,0,0,0,0,0,0,172305257,-5,153,1,1|l,0,2,0,0,0,0,0,0,0,0
play_wpn_megablaster_flash_silence_01|1|s,0,0,0,0,0,0,0,682414703,-5,153|l,0,3,0,0,0,0,0,0|p,0,0,0,0,0,0,0,@sfx3|u,0,1000,1000,0,0,0,0,@sfx3
play_wpn_megablaster_shot_01|1|s,0,0,0,0,0,0,0,774316690,-5,153|l,0,2,0,0,0,0,0,0|t,0,0,0,0,0,0,0,play_wpn_gun_charge_01;play_wpn_megablaster_charge_01
play_wpn_megablaster_shot_02|1|s,0,0,0,0,0,0,0,682414703,-5,153|l,0,3,0,0,0,0,0,0|t,0,0,0,0,0,0,0,play_wpn_gun_charge_01;play_wpn_megablaster_charge_01
play_wpn_megastar_impact_01|0|s,0,0,0,0,0,-100,100,224737585,-5,25
play_wpn_metalbullet_impact_01|3|s,0,0,0,0,0,0,0,542855485,-5,25|s,0,0,0,0,0,0,0,171491005,-5,25|s,0,0,0,0,0,0,0,922970858,-5,25|r,0,-8,0,0,0,-200,200,0:1:2
play_wpn_minigun_shot_01|4|s,0,0,0,0,0,0,0,259022692,-5,25|s,0,0,0,0,0,0,0,75827240,-5,25|s,0,0,0,0,0,0,0,776628771,-5,25|r,0,-4,0,0,0,-50,50,0:1:2|l,0,1,0,0,0,0,0,3
play_wpn_missile_loop_01|1|s,1,-3,100,0,0,0,0,398273241,-5,153,1,1|l,0,2,0,0,0,0,0,0
play_wpn_molotov_impact_01|1|s,0,-5,400,0,0,-200,0,733772957,-5,25|l,0,-4,0,0,0,0,0,0
play_wpn_moonscraperlaser_shot_01|7|s,0,5,-100,0,0,0,0,962242868,-5,25|s,0,0,0,0,0,0,0,662644711,-5,25|s,0,0,0,0,0,0,0,720116070,-5,25|s,2,-10,200,0,0,0,0,268751427,-5,25,1,0|l,0,-2,0,0,0,-50,50,1:2:3|s,2,-1,0,0,0,0,0,899582751,-5,25,1,0|l,0,-20,0,0,0,-50,50,0:4:5|l,0,2,0,0,0,0,0,6
play_wpn_nailgun_shot_01|1|s,0,0,0,-3,3,-150,150,851198212,-5,153|l,0,2,0,0,0,0,0,0
play_wpn_peashooter_reload_01|1|s,0,-5,-50,0,0,0,0,938879337,-5,153|l,0,4,0,0,0,0,0,0
play_wpn_peashooter_shot_01|3|s,0,0,0,0,0,0,0,167729726,-5,153|s,0,0,0,0,0,0,0,246292833,-5,153|r,0,2,0,0,0,0,0,0:1|l,0,2,0,0,0,0,0,2
play_wpn_pillow_reload_01|1|s,0,-5,0,0,0,0,0,692100287,-5,25|l,0,4,0,0,0,0,0,0
play_wpn_plasmacell_reload_01|1|s,0,8,0,0,0,0,0,260148036,-5,153|l,0,4,0,0,0,0,0,0
play_wpn_plasmacell_shot_01|4|s,0,0,0,0,0,0,0,685245246,-5,153|s,0,0,0,0,0,0,0,577653840,-5,153|s,0,0,0,0,0,0,0,939457237,-5,153|r,0,0,-250,0,0,-25,25,0:1:2|l,0,2,0,0,0,0,0,3
play_wpn_plasmarifle_impact_01|0|s,0,0,0,0,0,-50,50,802382763,-5,25
play_wpn_plasmarifle_shot_01|4|s,0,0,0,0,0,0,0,869073106,-5,153|s,0,0,0,0,0,0,0,452458663,-5,153|s,0,2,0,0,0,0,0,854534017,-5,153|r,0,0,0,0,0,-50,50,0:1:2|l,0,2,0,0,0,0,0,3
play_wpn_poison_impact_01|8|s,0,0,0,0,0,0,0,667760217,-5,25|s,0,0,0,0,0,0,0,443586523,-5,25|s,0,0,0,0,0,0,0,276553414,-5,25|r,0,0,0,-5,1,-500,0,0:1:2|s,0,0,0,0,0,0,0,55817032,-5,25|s,0,0,0,0,0,0,0,673423363,-5,25|s,0,0,0,0,0,0,0,45241065,-5,25|r,0,0,-300,0,0,0,0,4:5:6|l,0,0,0,0,0,0,0,3:7
play_wpn_pollster_shot_01|4|s,0,0,0,0,0,0,0,154745237,-5,25|s,0,0,0,0,0,0,0,841017041,-5,25|s,0,0,0,0,0,0,0,780457933,-5,25|r,0,1,0,0,0,0,0,0:1:2|l,0,2,0,0,0,0,0,3
play_wpn_pot_impact_01|3|s,0,2,0,0,0,0,0,409654126,-5,25|s,0,0,0,0,0,0,0,1001767141,-5,25|s,0,0,0,0,0,0,0,910691893,-5,25|r,0,0,-100,0,0,-100,100,0:1:2
play_wpn_praygun_shot_01|4|s,0,0,0,0,0,0,0,119932327,-5,25|s,0,0,0,0,0,0,0,453779093,-5,25|s,0,0,0,0,0,0,0,438346677,-5,25|r,0,-2,100,0,0,-250,100,0:1:2|l,0,2,0,0,0,0,0,3
play_wpn_radgun_cool_01|4|s,0,-5,0,0,0,0,0,707860420,-5,153|s,0,0,0,0,0,0,0,657713999,-5,153|s,0,0,0,0,0,0,0,901942401,-5,153|r,0,2,0,0,0,0,0,0:1:2|l,0,4,0,0,0,0,0,3
play_wpn_radgun_noice_01|4|s,0,0,0,0,0,0,0,507413401,-5,153|s,0,0,0,0,0,0,0,573502962,-5,153|s,0,0,0,0,0,0,0,652984365,-5,153|r,0,2,0,0,0,0,60,0:1:2|l,0,4,0,0,0,0,0,3
play_wpn_radgun_rad_01|4|s,0,0,0,0,0,0,0,247290782,-5,153|s,0,0,0,0,0,0,0,1047113198,-5,153|s,0,0,0,0,0,0,0,864172444,-5,153|r,0,2,0,0,0,0,0,0:1:2|l,0,4,0,0,0,0,0,3
play_wpn_radgun_reload_02|1|s,0,-4,0,0,0,0,0,51534552,-5,25|l,0,4,0,0,0,0,0,0
play_wpn_radgun_reload_03|1|s,0,-3,0,0,0,0,0,279480950,-5,25|l,0,4,0,0,0,0,0,0
play_wpn_radgun_wack_01|4|s,0,0,0,0,0,0,0,131580434,-5,153|s,0,0,0,0,0,0,0,683519978,-5,153|s,0,0,0,0,0,0,0,113916644,-5,153|r,0,1,0,0,0,-50,0,0:1:2|l,0,4,0,0,0,0,0,3
play_wpn_radiationlaser_shot_01|4|s,2,-10,200,0,0,0,0,268751427,-5,25,1,0|s,0,0,0,0,0,0,0,662644711,-5,25|s,0,0,0,0,0,0,0,720116070,-5,25|l,0,-10,0,0,0,-50,50,0:1:2|l,0,2,0,0,0,0,0,3
play_wpn_raidenlaser_shot_01|3|s,2,10,0,0,0,0,0,1018907772,-5,25,1,0|s,0,12,0,0,0,0,0,921067407,-5,25|l,0,1,0,0,0,-100,100,0:1|l,0,2,0,0,0,0,0,2
play_wpn_rechargegun_recharge_01|7|s,0,0,0,0,0,0,0,368384166,-5,153|s,0,0,200,0,0,0,0,368384166,-5,153|s,0,0,400,0,0,0,0,368384166,-5,153|s,0,0,600,0,0,0,0,368384166,-5,153|s,0,0,800,0,0,0,0,368384166,-5,153|s,0,0,1000,0,0,0,0,368384166,-5,153|r,0,-2,0,0,0,0,0,0:1:2:3:4:5,1,1|l,0,4,0,0,0,0,0,6
play_wpn_rg_shot_01|4|s,0,0,0,0,0,0,0,251429102,-5,153|s,0,0,0,0,0,0,0,83595542,-5,153|s,0,0,0,0,0,0,0,80143077,-5,153|r,0,2,0,0,0,0,0,0:1:2|l,0,2,0,0,0,0,0,3
play_wpn_rgun_bullet_01|4|s,0,0,-100,0,0,0,0,1020119092,-5,153,1,1|s,0,0,0,0,0,0,0,278932978,-5,153,1,1|s,0,0,0,0,0,0,0,216095173,-5,153,1,1|r,0,0,0,0,0,0,0,0:1:2|l,0,2,0,0,0,0,0,3
play_wpn_rpg_reload_01|1|s,0,-5,0,0,0,0,0,928678104,-5,153|l,0,4,0,0,0,0,0,0
play_wpn_rpg_shot_01|1|s,0,0,-100,0,0,-200,100,415582754,-5,153|l,0,2,0,0,0,0,0,0
play_wpn_rustysidearm_reload_01|1|s,0,0,0,0,0,0,0,471232212,-5,153|l,0,4,0,0,0,0,0,0
play_wpn_rustysidearm_shot_01|4|s,0,0,0,0,0,0,0,216320493,-5,153|s,0,0,0,0,0,0,0,136037731,-5,153|s,0,0,0,0,0,0,0,760360887,-5,153|r,0,0,0,0,0,0,0,0:1:2|l,0,2,0,0,0,0,0,3
play_wpn_saa_impact_01|1|s,0,-3,0,0,3,-100,100,425580467,-5,153|l,0,-6,-100,0,0,0,0,0
play_wpn_saa_reload_01|1|s,0,0,-450,0,0,0,0,591535307,-5,153|l,0,4,0,0,0,0,0,0
play_wpn_saa_shot_01|4|s,0,0,0,0,0,0,0,216320493,-5,153|s,0,0,0,0,0,0,0,136037731,-5,153|s,0,0,0,0,0,0,0,760360887,-5,153|r,0,0,-100,0,0,0,0,0:1:2|l,0,2,0,0,0,0,0,3
play_wpn_saa_spin_01|1|s,0,-3,-500,0,0,0,0,318375822,-5,25|l,0,4,0,0,0,0,0,0
play_wpn_saw_impact_01|2|s,0,-3,0,0,0,-200,100,183888221,-5,153|s,0,-3,0,0,3,-100,100,425580467,-5,153|r,0,-6,-100,0,0,0,0,0:1
play_wpn_screechgun_reload_01|1|s,0,0,0,0,0,0,0,715178829,-5,153|l,0,4,0,0,0,0,0,0
play_wpn_screechgun_shot_01|2|s,0,0,-100,0,0,0,0,658451061,-5,25|r,2,0,480,0,0,0,0,0,1,1|l,0,2,0,0,0,0,0,1
play_wpn_seriouscannon_charge_01|5|s,0,0,0,0,0,0,0,457533215,-5,25,2,1|s,1,0,0,0,0,0,0,139170846,-5,25,2,1|r,1,0,0,0,0,0,0,0:1,2,1,500|s,0,5,0,0,0,0,0,950908749,-5,25,2,1|l,0,0,0,0,0,0,0,2:3|l,0,2,0,0,0,0,0,4
play_wpn_seriouscannon_impact_01|3|s,0,0,0,0,0,0,0,553349169,-5,25,3,1|s,0,0,0,0,0,0,0,210893801,-5,25|s,0,0,0,0,0,0,0,14399725,-5,25|r,0,0,0,0,0,-100,100,0:1:2
play_wpn_seriouscannon_scream_01|1|s,1,-15,0,0,0,0,0,829005302,-5,25,2,0|l,0,4,0,0,0,0,0,0
play_wpn_seriouscannon_shot_01|1|s,0,0,-500,0,0,0,0,143091498,-5,153|l,0,2,0,0,0,0,0,0|t,0,100,0,0,0,0,0,play_wpn_gun_charge_01;play_wpn_seriouscannon_charge_01
play_wpn_sflaser_shot_01|4|s,0,0,0,0,0,0,0,119932327,-5,25|s,0,0,0,0,0,0,0,453779093,-5,25|s,0,0,0,0,0,0,0,438346677,-5,25|r,0,-2,100,0,0,-250,100,0:1:2|l,0,2,0,0,0,0,0,3
play_wpn_shadesrevolver_shot_01|4|s,0,0,0,0,0,0,0,15651212,-5,153|s,0,0,0,0,0,0,0,235551330,-5,153|s,0,0,0,0,0,0,0,1058332935,-5,153|r,0,0,0,0,0,0,0,0:1:2|l,0,2,0,0,0,0,0,3
play_wpn_sharkgun_eat_01|0|s,0,0,0,0,0,0,0,384484191,-5,25
play_wpn_shell_impact_01|3|s,0,0,0,0,0,0,0,329685535,-5,153|s,0,0,0,0,0,0,0,112166658,-5,153|s,0,0,0,0,0,0,0,118686430,-5,153|r,0,-3,-200,0,0,-100,100,0:1:2
play_wpn_shotgun_reload|1|s,0,-10,0,0,0,0,0,74059479,-5,153|l,0,4,0,0,0,0,0,0
play_wpn_shotgun_shells_01|4|s,0,0,0,0,0,0,0,667282975,-5,25,6,0|s,0,0,0,0,0,0,0,491161295,-5,25,6,0|s,0,0,0,0,0,0,0,475927486,-5,25,6,0|r,0,-16,0,0,0,-50,50,0:1:2|l,0,4,0,0,0,0,0,3
play_wpn_shotgun_shot_01|4|s,0,0,0,0,0,0,0,1048989834,-5,25,5,0|s,0,0,0,0,0,0,0,125209834,-5,25,5,0|s,0,0,0,0,0,0,0,515130317,-5,25,5,0|r,0,0,0,0,0,-150,100,0:1:2|l,0,2,0,0,0,0,0,3
play_wpn_shotgunfullofhate_shot_01|17|s,0,0,0,0,0,0,0,192875976,-5,25|s,0,0,0,0,0,0,0,943606595,-5,25|s,0,0,0,0,0,0,0,1071916180,-5,25|r,0,0,0,0,0,0,0,0:1:2|l,0,2,0,0,0,0,0,3|s,0,0,0,0,0,-200,0,470777877,-5,153|s,0,0,0,0,0,0,0,663352933,-5,153|s,0,0,-100,0,0,0,0,461968435,-5,153|r,0,0,0,0,0,0,0,5:6:7|l,0,2,0,0,0,0,0,8|s,0,0,0,0,0,0,0,550088552,-5,153|s,0,0,0,0,0,0,0,13782322,-5,153|s,0,0,0,0,0,0,0,718572470,-5,153|r,0,4,0,0,0,0,100,10:11:12|l,0,2,0,0,0,0,0,13|s,0,0,0,-3,3,-150,150,851198212,-5,153|l,0,2,0,0,0,0,0,15|l,0,0,0,0,0,0,0,4:9:14:16
play_wpn_skull_impact_01|3|s,0,0,0,0,0,0,0,467658690,-5,25|s,0,0,0,0,0,0,0,287129957,-5,25|s,0,0,0,0,0,0,0,1030810230,-5,25|r,0,-4,0,0,0,0,0,0:1:2
play_wpn_skullgun_shot_01|4|s,0,0,0,0,0,0,0,331040556,-5,153|s,0,0,0,0,0,0,0,647544800,-5,153|s,0,0,0,0,0,0,0,853433046,-5,153|r,0,0,0,0,0,0,0,0:1:2|l,0,2,0,0,0,0,0,3
play_wpn_smallrocket_impact_01|0|s,0,0,200,-5,0,-500,200,219199436,-5,153
play_wpn_smileyrevolver_shot_01|4|s,0,0,0,0,0,0,0,1057129134,-5,25|s,0,0,0,0,0,0,0,936067582,-5,25|s,0,0,0,0,0,0,0,208154025,-5,25|r,0,0,0,0,0,-25,25,0:1:2|l,0,2,0,0,0,0,0,3
play_wpn_sniperrifle_shot_01|4|s,0,0,0,0,0,0,0,567305924,-5,153|s,0,0,0,0,0,0,0,297405112,-5,153|s,0,0,0,0,0,0,0,191287333,-5,153|r,0,2,0,0,0,0,0,0:1:2|l,0,2,0,0,0,0,0,3
play_wpn_sns_reload_01|1|s,0,0,0,0,0,0,0,821924980,-5,153|l,0,4,0,0,0,0,0,0
play_wpn_sns_shot_01|4|s,0,0,0,0,0,0,0,343635155,-5,153|s,0,0,0,0,0,0,0,1015706995,-5,153|s,0,0,0,0,0,0,0,931755708,-5,153|r,0,1,0,0,0,0,0,0:1:2|l,0,2,0,0,0,0,0,3
play_wpn_spacerifle_shot_01|4|s,0,0,0,0,0,0,0,953088090,-5,25|s,0,0,0,0,0,0,0,228799844,-5,25|s,0,0,0,0,0,0,0,892323566,-5,25|r,0,0,800,0,0,-250,350,0:1:2|l,0,2,0,0,0,0,0,3
play_wpn_spaceshotgun_shot_01|4|s,0,0,0,0,0,0,0,945691012,-5,25|s,0,0,0,0,0,0,0,958115376,-5,25|s,0,0,0,0,0,0,0,776722354,-5,25|r,0,0,-200,0,0,-25,25,0:1:2|l,0,2,0,0,0,0,0,3
play_wpn_spark_impact_01|3|s,0,0,0,0,0,0,0,517732173,-5,153|s,0,0,0,0,0,0,0,287966179,-5,153|s,0,0,0,0,0,0,0,941185051,-5,153|r,0,0,0,0,0,0,400,0:1:2
play_wpn_spellactionrevolver_reload_01|1|s,0,-3,0,0,0,-200,100,439000814,-5,153|l,0,4,0,0,0,0,0,0
play_wpn_spellactionrevolver_shot_01|4|s,0,0,0,0,0,0,0,957773859,-5,25|s,0,0,0,0,0,0,0,861280523,-5,25|s,0,0,0,0,0,0,0,1017891937,-5,25|r,0,0,0,0,0,0,0,0:1:2|l,0,2,0,0,0,0,0,3
play_wpn_spirit_impact_01|0|s,0,-5,-300,-3,3,0,0,142933092,-5,25
play_wpn_spma_shot_01|10|s,0,0,0,0,0,0,0,1057129134,-5,25|s,0,0,0,0,0,0,0,936067582,-5,25|s,0,0,0,0,0,0,0,208154025,-5,25|r,0,0,0,0,0,-25,25,0:1:2|l,0,2,0,0,0,0,0,3|s,0,0,0,0,0,0,0,343635155,-5,153|s,0,0,0,0,0,0,0,1015706995,-5,153|s,0,0,0,0,0,0,0,931755708,-5,153|r,0,1,0,0,0,0,0,5:6:7|l,0,2,0,0,0,0,0,8|l,0,0,0,0,0,0,0,4:9
play_wpn_star_impact_01|0|s,0,0,0,0,0,-100,200,328562521,-5,25
play_wpn_starlet_impact_01|0|s,0,-5,600,-5,0,-200,400,415947172,-5,25
play_wpn_starpew_blast_01|4|s,0,0,0,0,0,0,0,884131096,-5,153|s,0,0,0,0,0,0,0,900494183,-5,153|s,0,0,0,0,0,0,0,685530609,-5,153|r,0,2,0,0,0,-50,50,0:1:2|l,0,3,0,0,0,0,0,3
play_wpn_stdissuelaser_shot_01|16|s,0,0,0,0,0,0,0,334432988,-5,153|s,0,0,0,0,0,0,0,10050083,-5,153|s,0,0,0,0,0,0,0,1068756149,-5,153|r,0,1,0,0,0,0,0,0:1:2|l,0,2,0,0,0,0,0,3|l,0,2,0,0,0,0,0,3|s,0,0,0,0,0,0,0,119932327,-5,25|s,0,0,0,0,0,0,0,453779093,-5,25|s,0,0,0,0,0,0,0,438346677,-5,25|r,0,-2,100,0,0,-250,100,6:7:8|l,0,2,0,0,0,0,0,9|s,0,0,0,0,0,0,0,869073106,-5,153|s,0,0,0,0,0,0,0,452458663,-5,153|s,0,2,0,0,0,0,0,854534017,-5,153|r,0,0,0,0,0,-50,50,11:12:13|l,0,2,0,0,0,0,0,14|l,0,0,0,0,0,0,0,4:5:10:15
play_wpn_stickycrossbow_shot_01|7|s,0,-2,-200,0,0,-300,250,393863599,-5,153,3,0|l,0,2,0,0,0,0,0,0|s,0,0,0,0,0,0,0,902419381,-5,25|s,0,0,0,0,0,0,0,591513616,-5,25|s,0,0,0,0,0,0,0,800840782,-5,25|r,0,1,0,0,0,-50,50,2:3:4|l,0,2,0,0,0,0,0,5|l,0,0,0,0,0,0,0,1:6
play_wpn_superdowser_shot_01|3|s,0,2,0,0,0,0,0,725294788,-5,153|s,2,-7,200,0,0,0,0,92921246,-5,153,1,0|l,0,-3,0,0,0,0,100,0:1|l,0,2,0,0,0,0,0,2
play_wpn_sword_impact_01|3|s,0,0,0,0,0,0,0,636003326,-5,25|s,0,0,0,0,0,0,0,1058062201,-5,25|s,0,0,0,0,0,0,0,127525966,-5,25|r,0,-3,0,0,0,0,0,0:1:2
play_wpn_syringe_shot_01|3|s,2,-7,200,0,0,0,0,92921246,-5,153,1,0|s,0,2,0,0,0,0,0,725294788,-5,153|l,0,-5,800,0,0,0,100,0:1|l,0,2,0,0,0,0,0,2
play_wpn_tachyon_loop_01|1|s,1,-1,910,0,0,-50,50,324581856,-5,25|l,0,2,0,0,0,0,0,0
play_wpn_tank_shot_01|4|s,0,0,0,0,0,0,0,567209475,-5,25|s,0,0,0,0,0,0,0,186286468,-5,25|s,0,0,0,0,0,0,0,195424117,-5,25|r,0,3,0,0,0,0,0,0:1:2|l,0,2,0,0,0,0,0,3
play_wpn_teddy_impact_01|4|s,0,0,0,0,0,0,0,317483576,-5,153|s,0,0,0,0,0,0,0,647233975,-5,153|s,0,0,0,0,0,0,0,954237292,-5,153|r,0,-2,0,0,0,0,0,0:1:2|l,0,0,0,0,0,0,0,3,0,60
play_wpn_thatyellowblaster_shot_01|15|s,0,0,0,0,0,0,0,119932327,-5,25|s,0,0,0,0,0,0,0,453779093,-5,25|s,0,0,0,0,0,0,0,438346677,-5,25|r,0,-2,100,0,0,-250,100,0:1:2|l,0,2,0,0,0,0,0,3|s,0,0,0,0,0,0,0,119932327,-5,25|s,0,0,0,0,0,0,0,453779093,-5,25|s,0,0,0,0,0,0,0,438346677,-5,25|r,0,2,-200,0,0,-250,350,5:6:7|l,0,2,0,0,0,0,0,8|s,0,0,0,0,0,0,0,334432988,-5,153|s,0,0,0,0,0,0,0,10050083,-5,153|s,0,0,0,0,0,0,0,1068756149,-5,153|r,0,1,0,0,0,0,0,10:11:12|l,0,2,0,0,0,0,0,13|l,0,0,0,0,0,0,0,4:9:14
play_wpn_thompson_shot_01|10|s,0,0,0,0,0,0,0,35211621,-5,25|s,0,0,0,0,0,0,0,524941076,-5,25|s,0,0,0,0,0,0,0,260557099,-5,25|r,0,0,600,0,0,-50,50,0:1:2|l,0,2,0,0,0,0,0,3|s,0,0,0,0,0,0,0,343635155,-5,153|s,0,0,0,0,0,0,0,1015706995,-5,153|s,0,0,0,0,0,0,0,931755708,-5,153|r,0,1,0,0,0,0,0,5:6:7|l,0,2,0,0,0,0,0,8|l,0,0,0,0,0,0,0,4:9
play_wpn_tiara_impact_01|1|s,0,-18,0,0,0,-200,300,1041815062,-5,25|l,0,0,0,0,0,0,0,0,0,65
play_wpn_tiger_gore_01|3|s,0,0,0,0,0,0,0,715354319,-5,153|s,0,0,0,0,0,0,0,31414462,-5,153|r,0,0,-250,0,0,0,0,0:1|l,0,2,0,0,0,0,0,2
play_wpn_tiger_growl_01|1|s,0,0,250,0,0,0,0,816543982,-5,25|l,0,2,0,0,0,0,0,0
play_wpn_tiger_swipe_01|3|s,0,0,0,0,0,0,0,177764557,-5,153|s,0,0,0,0,0,0,0,851873834,-5,153|r,0,0,0,0,0,0,0,0:1|l,0,2,0,0,0,0,0,2
play_wpn_toxic_impact_01|3|s,0,0,0,0,0,0,0,478551649,-5,153|s,0,0,0,0,0,0,0,24206669,-5,153|s,0,0,0,0,0,0,0,980709377,-5,153|r,0,0,0,0,0,-100,0,0:1:2
play_wpn_trashgun_impact_01|0|s,0,0,-300,0,0,-200,200,592660826,-5,25
play_wpn_trashgun_shot_01|3|s,0,0,0,0,0,0,0,739317080,-5,153|s,0,0,0,0,0,0,0,414510942,-5,153|r,0,0,0,0,0,0,0,0:1|l,0,2,0,0,0,0,0,2
play_wpn_trident_twirl_01|1|s,0,3,0,0,0,-100,100,500905244,-5,25|l,0,4,0,0,0,0,0,0
play_wpn_unicornhorn_shot_01|2|s,0,0,0,0,0,0,0,269382646,-5,153|r,0,0,0,-4,0,-50,50,0|l,0,2,0,0,0,0,0,1
play_wpn_unicornhornii_shot_01|4|s,2,0,75,0,0,0,0,1061780528,-5,25,1,0|s,0,3,0,0,0,-100,100,492887748,-5,25|s,0,0,0,0,0,-100,100,75543267,-5,25|l,0,0,0,0,0,0,0,0:1:2|l,0,2,0,0,0,0,0,3|x,0,0,0,0,0,0,0,unicorn_horn=on
play_wpn_uzi_shot_01|4|s,0,0,0,0,0,0,0,35211621,-5,25|s,0,0,0,0,0,0,0,524941076,-5,25|s,0,0,0,0,0,0,0,260557099,-5,25|r,0,0,600,0,0,-50,50,0:1:2|l,0,2,0,0,0,0,0,3
play_wpn_vertebraek47_reload_01|1|s,0,0,0,0,0,0,0,895453254,-5,153|l,0,4,0,0,0,0,0,0
play_wpn_vertebraek47_shot_01|4|s,0,0,0,0,0,0,0,272710472,-5,153|s,0,0,0,0,0,0,0,493593754,-5,153|s,0,0,0,0,0,0,0,144132381,-5,153|r,0,0,0,0,0,0,0,0:1:2|l,0,2,0,0,0,0,0,3
play_wpn_voidcannon_shot_01|1|s,0,-3,-100,0,0,-50,0,883427929,-5,25,2,0|l,0,2,0,0,0,0,0,0
play_wpn_vorpal_shot_critical_01|1|s,0,0,0,0,0,0,0,879089047,-5,25|l,0,2,0,0,0,0,0,0
play_wpn_wandbundle_impact_01|2|s,0,12,0,0,0,0,0,1039958969,-5,25,5,0|s,0,-3,0,0,0,0,0,145386084,-5,25,5,0|r,0,0,0,0,0,-200,200,0:1
play_wpn_wandbundle_shot_01|4|s,0,2,0,0,0,0,0,418036946,-5,25|s,0,2,0,0,0,0,0,144396173,-5,25|s,0,2,0,0,0,0,0,123957049,-5,25|r,0,0,0,0,0,-200,200,0:1:2|l,0,2,0,0,0,0,0,3
play_wpn_warp_impact_01|0|s,0,-5,430,0,0,0,200,500232923,-5,153,1,1
play_wpn_woodbeam_extend_01|1|s,0,0,0,0,0,-100,0,1045696408,-5,25,1,1|l,0,2,0,0,0,0,0,0
play_wpn_woodbeam_impact_01|2|s,0,0,0,0,0,0,0,1040447615,-5,153|s,0,0,0,0,0,0,0,439012439,-5,153|r,0,0,0,0,0,-100,100,0:1
play_wpn_woodbow_charge_01|1|s,0,-3,0,0,0,-200,100,933070859,-5,153,1,1|l,0,2,0,0,0,0,0,0
play_wpn_woodbow_charge_02|1|s,0,7,200,0,0,-100,200,707776195,-5,153|l,0,2,0,0,0,0,0,0
play_wpn_woodbow_impact_01|0|s,0,-5,0,0,0,-200,100,776101559,-5,25,5,1
play_wpn_woodbow_shot_01|1|s,0,0,0,0,0,0,0,17918764,-5,153|l,0,2,0,0,0,0,0,0
play_wpn_woodbow_shot_02|1|s,0,0,0,0,0,-300,200,555518244,-5,153|l,0,3,0,0,0,0,0,0|t,0,300,0,0,0,0,0,#play_wpn_gun_charge_02;play_wpn_woodbow_charge_02
play_wpn_woodbowlight_impact_01|0|s,0,-3,-300,0,0,0,100,199095602,-5,25|t,0,500,0,0,0,0,0,play_wpn_gun_shot_02;play_wpn_woodbow_shot_02
play_wpn_yarirocketlauncher_reload_01|1|s,0,0,0,0,0,0,0,833096473,-5,153|l,0,4,0,0,0,0,0,0
play_wpn_yarirocketlauncher_shot_01|5|s,0,0,0,0,0,0,0,217497886,-5,25,7,0|s,0,0,0,0,0,0,0,187178996,-5,25,7,0|s,0,0,0,0,0,0,0,886542784,-5,25,7,0|s,0,0,0,0,0,0,0,344547103,-5,25,7,0|r,0,0,-100,0,0,-200,200,0:1:2:3|l,0,2,0,0,0,0,0,4
play_wpn_zapper_impact_01|0|s,0,-4,0,-8,0,-200,200,200648526,-5,25,1,0
play_wpn_zapper_reload_01|1|s,0,-3,0,0,0,0,0,890656352,-5,153|l,0,4,0,0,0,0,0,0
play_wpn_zapper_shot_01|1|s,0,0,0,0,0,0,0,919474595,-5,153|l,0,2,0,0,0,0,0,0
play_wpn_zorgun_shot_01|4|s,0,0,0,0,0,0,0,658251802,-5,153|s,0,0,0,0,0,0,0,82695532,-5,153|s,0,0,0,0,0,0,0,480436091,-5,153|r,0,-10,0,-2,0,0,0,0:1:2|l,0,2,0,0,0,0,0,3
state_bullet_time_off|0|x,0,0,0,0,0,0,0,bullet_time=off
state_bullet_time_on|1|s,0,0,0,0,0,0,0,814004684,-5,25|l,0,-4,0,0,0,0,0,0|x,0,0,0,0,0,0,0,bullet_time=on
state_env_dimension_01|0|t,0,2000,0,0,0,0,0,@music|x,0,0,0,0,0,0,0,dimension=on
state_unicorn_off|0|x,0,0,0,0,0,0,0,unicorn_horn=off
stop_anm_gull_loop_01|0|t,0,500,0,0,0,0,0,play_anm_gull_loop_01
stop_boss_bashellisk_move_01|0|t,0,200,0,0,0,0,0,#play_boss_bashellisk_move_01|t,0,200,0,0,0,0,0,#play_boss_bashellisk_move_02
stop_boss_doormimic_turn_01|0|t,0,200,0,0,0,0,0,#play_boss_doormimic_turn_01
stop_boss_helicopter_loop_01|0|t,0,500,0,0,0,0,0,#play_boss_helicopter_loop_01
stop_boss_ratmech_wizard_spell_01|0|t,0,500,0,0,0,0,0,play_boss_ratmech_wizard_spell_01
stop_boss_tank_idle_01|0|t,0,1000,0,0,0,0,0,play_boss_tank_idle_01
stop_boss_tank_move_01|0|t,0,1000,0,0,0,0,0,#play_boss_tank_move_01;play_boss_tank_move_02
stop_enm_attack_cancel_01|0|t,0,0,0,0,0,0,0,play_boss_lichc_circle_01|t,0,0,0,0,0,0,0,play_enm_statue_ring_01|t,0,500,0,0,0,0,0,play_enm_gorgun_scream_01|t,0,500,0,0,0,0,0,play_boss_ratmech_wizard_spell_01
stop_enm_deathray_loop_01|0|t,0,300,0,0,0,0,0,play_enm_deathray_shot_01
stop_enm_statue_ring_01|0|t,0,1000,0,0,0,0,0,play_enm_statue_ring_01
stop_env_acidsizzle_loop_01|0|t,0,1000,0,0,0,0,0,#play_env_acidsizzle_loop_01
stop_env_oilfire_loop_01|0|t,0,1000,0,0,0,0,0,#play_env_oilfire_ignite_01;play_obj_bowler_burn_01
stop_env_quake_loop_01|0|t,0,1500,0,0,0,0,0,play_env_quake_loop_01
stop_env_rain_loop_01|0|t,0,1000,0,0,0,0,0,play_env_rain_loop_01
stop_env_trap_active|0|t,0,500,0,0,0,0,0,#~play_env_acidsizzle_loop_01;play_env_oilfire_ignite_01;play_env_trap_active;play_obj_bowler_burn_01
stop_foyer_fade_01|0|t,0,10000,0,0,0,0,0,@music
stop_mus_all|0|t,0,2000,0,0,0,0,0,~play_mus_anthem;play_mus_boss_theme_beholster;play_mus_boss_theme_dragun_01;play_mus_boss_theme_dragun_02;play_mus_boss_theme_gull;play_mus_boss_theme_lich;play_mus_lich_double_01;play_mus_lich_phase_02;play_mus_lich_phase_03;play_mus_lich_transition_03;play_mus_rat_theme_01;play_mus_rat_theme_02;play_mus_ratpunch_intro_01;play_mus_ratpunch_theme_01;play_mus_ratpunch_theme_02;play_mus_ratpunch_theme_03|t,0,0,0,0,0,0,0,@music|t,0,0,0,0,0,0,0,@music|t,0,0,0,0,0,0,0,@music|t,0,0,0,0,0,0,0,@music|t,0,0,0,0,0,0,0,@music|t,0,0,0,0,0,0,0,@music|t,0,0,0,0,0,0,0,@music|t,0,0,0,0,0,0,0,@music|t,0,0,0,0,0,0,0,@music|t,0,0,0,0,0,0,0,@music|t,0,2000,0,0,0,0,0,@music|t,0,0,0,0,0,0,0,@music|t,0,2000,0,0,0,0,0,@music|t,0,2000,0,0,0,0,0,@music|t,0,0,0,0,0,0,0,@music|x,0,0,0,0,0,0,0,unicorn_horn=off|x,0,0,0,0,0,0,0,bullet_time=off|t,0,0,0,0,0,0,0,@music|t,0,2000,0,0,0,0,0,@music
stop_mus_boss_theme|0|t,0,1000,0,0,0,0,0,play_mus_boss_theme_gull|t,0,0,0,0,0,0,0,play_mus_boss_theme_beholster|t,0,0,0,0,0,0,0,play_mus_boss_theme_dragun_01|t,0,0,0,0,0,0,0,play_mus_boss_theme_dragun_02|t,0,0,0,0,0,0,0,play_mus_boss_theme_lich|t,0,0,0,0,0,0,0,@music
stop_obj_cursepot_loop_01|0|t,0,500,0,0,0,0,0,#play_obj_cursepot_loop_01
stop_obj_fuse_loop_01|0|t,0,0,0,0,0,0,0,#play_obj_fuse_loop_01
stop_obj_jetpack_loop_01|1|s,0,0,0,0,0,0,0,614307453,-5,25|l,0,-4,0,0,0,0,0,0|t,0,500,0,0,0,0,0,#play_obj_jetpack_start_01
stop_obj_minecart_loop_01|0|t,0,0,0,0,0,0,0,#play_obj_minecart_loop_01
stop_obj_pastkiller_charge_01|0|t,0,1000,0,0,0,0,0,play_obj_pastkiller_charge_01
stop_obj_paydaydrill_loop_01|0|t,0,300,0,0,0,0,0,play_obj_paydaydrill_loop_01
stop_snd_all|0|t,0,3000,0,0,0,0,0,@all|x,0,0,0,0,0,0,0,unicorn_horn=off|x,0,0,0,0,0,0,0,bullet_time=off
stop_snd_diagetic|0|t,0,500,0,0,0,0,0,@sfx
stop_snd_obj|0|t,0,500,0,0,0,0,0,@obj
stop_state_volume_lower_01|0|x,0,0,0,0,0,0,0,music_dip=off
stop_ui_ammonomicon_open_01|0|t,0,0,0,0,0,0,0,play_ui_ammonomicon_intro_01|t,0,500,0,0,0,0,0,play_ui_ammonomicon_open_01
stop_wpn_all|0|t,0,200,0,0,0,0,0,~play_wpn_blackhole_charge_04;play_wpn_blackhole_shot_05;play_wpn_bountyhunterarm_charge_03;play_wpn_cerebralbore_loop_01;play_wpn_dawnhammer_loop_01;play_wpn_demonhead_shot_01;play_wpn_energycannon_shot_01;play_wpn_fossilgun_shot_01;play_wpn_guitar_shot_01;play_wpn_gun_charge_01;play_wpn_gun_charge_02;play_wpn_gun_charge_03;play_wpn_gun_charge_04;play_wpn_gun_shot_01;play_wpn_gun_shot_05;play_wpn_guzheng_loop_01;play_wpn_life_orb_shot_01;play_wpn_megablaster_charge_01;play_wpn_missile_loop_01;play_wpn_moonscraperlaser_shot_01;play_wpn_radiationlaser_shot_01;play_wpn_raidenlaser_shot_01;play_wpn_screechgun_shot_01;play_wpn_seriouscannon_charge_01;play_wpn_superdowser_shot_01;play_wpn_syringe_shot_01;play_wpn_tachyon_loop_01;play_wpn_unicornhornii_shot_01|t,0,200,0,0,0,0,0,~play_wpn_seriouscannon_scream_01|t,0,500,0,0,0,0,0,#~play_anm_gull_loop_01;play_boss_bashellisk_move_01;play_boss_bashellisk_move_02;play_boss_helicopter_loop_01;play_boss_omegabeam_shot_01;play_boss_ratmech_ambience_01;play_boss_ratmech_wizard_spell_01;play_boss_tank_idle_01;play_boss_tank_move_01;play_boss_tank_move_02;play_enm_deathray_shot_01;play_enm_tarnisher_seeking_01|x,0,0,0,0,0,0,0,unicorn_horn=off|x,0,0,0,0,0,0,0,bullet_time=off
stop_wpn_blackhole_charge_01|0|t,0,500,0,0,0,0,0,play_wpn_blackhole_charge_01;play_wpn_gun_charge_01|t,0,0,0,0,0,0,0,#play_wpn_blackhole_charge_04;play_wpn_bountyhunterarm_charge_03;play_wpn_gun_charge_04
stop_wpn_cerebralbore_loop_01|0|t,0,0,0,0,0,0,0,play_wpn_cerebralbore_loop_01
stop_wpn_demonhead_loop_01|0|t,0,300,0,0,0,0,0,#play_wpn_demonhead_shot_01;play_wpn_gun_shot_01
stop_wpn_energycannon_loop_01|0|t,0,500,0,0,0,0,0,#play_wpn_energycannon_shot_01;play_wpn_gun_shot_01
stop_wpn_fossilgun_loop_01|0|t,0,500,0,0,0,0,0,play_wpn_fossilgun_shot_01;play_wpn_gun_shot_01
stop_wpn_gun_loop_01|0|t,0,500,0,0,0,0,0,#play_wpn_blackhole_charge_01;play_wpn_bountyhunterarm_charge_01;play_wpn_charmedbow_charge_01;play_wpn_crescentbow_charge_01;play_wpn_gun_charge_01;play_wpn_megablaster_charge_01;play_wpn_seriouscannon_charge_01;play_wpn_woodbow_charge_01|t,0,500,0,0,0,0,0,#play_wpn_charmedbow_charge_02;play_wpn_gun_charge_02;play_wpn_woodbow_charge_02|t,0,500,0,0,0,0,0,#play_wpn_gun_charge_03|t,0,500,0,0,0,0,0,#play_wpn_blackhole_charge_04;play_wpn_bountyhunterarm_charge_03;play_wpn_gun_charge_04|t,0,500,0,0,0,0,0,#play_wpn_gun_shot_01;play_wpn_woodbeam_extend_01|t,0,500,0,0,0,0,0,#play_wpn_gun_shot_01;play_wpn_radiationlaser_shot_01|t,0,300,0,0,0,0,0,#play_wpn_gun_shot_01|t,0,300,0,0,0,0,0,#play_wpn_gun_shot_01|t,0,300,0,0,0,0,0,#play_wpn_gun_shot_01|t,0,300,0,0,0,0,0,#play_wpn_gun_shot_01|t,0,200,0,0,0,0,0,#play_wpn_demonhead_shot_01;play_wpn_gun_shot_01|t,0,300,0,0,0,0,0,#play_wpn_energycannon_shot_01;play_wpn_gun_shot_01|t,0,300,0,0,0,0,0,#play_wpn_fossilgun_shot_01;play_wpn_gun_shot_01|t,0,300,0,0,0,0,0,#play_wpn_gun_shot_01;play_wpn_moonscraperlaser_shot_01|t,0,300,0,0,0,0,0,#play_wpn_gun_shot_01;play_wpn_raidenlaser_shot_01|t,0,300,0,0,0,0,0,#play_wpn_gun_shot_01;play_wpn_superdowser_shot_01|t,0,300,0,0,0,0,0,#play_wpn_gun_shot_01;play_wpn_syringe_shot_01|t,0,300,0,0,0,0,0,#play_wpn_gun_shot_01;play_wpn_unicornhornii_shot_01|t,0,300,0,0,0,0,0,#play_wpn_guitar_shot_01;play_wpn_gun_shot_01|t,0,300,0,0,0,0,0,#play_wpn_gun_shot_01;play_wpn_guzheng_loop_01|t,0,500,0,0,0,0,0,@music|t,0,300,0,0,0,0,0,#play_wpn_gun_shot_01|t,0,300,0,0,0,0,0,#play_wpn_gun_shot_01|t,0,300,100,0,0,0,0,#play_wpn_dawnhammer_loop_01;play_wpn_gun_shot_01|t,0,0,0,0,0,0,0,#play_wpn_gun_shot_01|t,0,0,0,0,0,0,0,#play_wpn_dawnhammer_charge_01;play_wpn_gun_shot_01|t,0,500,0,0,0,0,0,#play_wpn_gun_shot_01|t,0,0,0,0,0,0,0,#play_wpn_gun_shot_01;play_wpn_tachyon_loop_01|t,0,0,0,0,0,0,0,#play_wpn_gun_shot_01|t,0,300,0,0,0,0,0,#play_wpn_gun_shot_01;play_wpn_life_orb_shot_01|t,0,300,0,0,0,0,0,#play_wpn_gun_shot_01|t,0,300,0,0,0,0,0,#play_wpn_gun_shot_01|t,0,100,0,0,0,0,0,#play_wpn_gun_shot_01|t,0,100,0,0,0,0,0,#play_wpn_gun_shot_01|t,0,100,0,0,0,0,0,#play_wpn_gun_shot_01|t,0,100,0,0,0,0,0,#play_wpn_gun_shot_01|t,0,100,0,0,0,0,0,#play_wpn_gun_shot_01|x,0,0,0,0,0,0,0,unicorn_horn=off
stop_wpn_gun_shot_01|0|t,0,1500,0,0,0,0,0,#~play_wpn_dawnhammer_loop_01;play_wpn_demonhead_shot_01;play_wpn_energycannon_shot_01;play_wpn_fossilgun_shot_01;play_wpn_guitar_shot_01;play_wpn_gun_shot_01;play_wpn_guzheng_loop_01;play_wpn_life_orb_shot_01;play_wpn_moonscraperlaser_shot_01;play_wpn_radiationlaser_shot_01;play_wpn_raidenlaser_shot_01;play_wpn_screechgun_shot_01;play_wpn_superdowser_shot_01;play_wpn_syringe_shot_01;play_wpn_tachyon_loop_01;play_wpn_unicornhornii_shot_01|t,0,1500,0,0,0,0,0,#play_itm_table_time_freeze_01;play_wpn_bountyhunterarm_shot_02;play_wpn_charmedbow_shot_02;play_wpn_gun_shot_02;play_wpn_megablaster_flash_silence_01;play_wpn_megablaster_shot_02;play_wpn_woodbow_shot_02|t,0,200,0,0,0,0,0,#play_wpn_bountyhunterarm_shot_03;play_wpn_gun_shot_03|t,0,1500,0,0,0,0,0,#play_wpn_blackhole_shot_05;play_wpn_gun_shot_05;play_wpn_starpew_blast_01
stop_wpn_missile_loop_01|0|t,0,0,0,0,0,0,0,#play_wpn_missile_loop_01
stop_wpn_moonscraperlaser_loop_01|0|t,0,100,0,0,0,0,0,play_wpn_gun_shot_01;play_wpn_moonscraperlaser_shot_01
stop_wpn_radiationlaser_loop_01|0|t,0,200,0,0,0,0,0,#play_wpn_gun_shot_01;play_wpn_radiationlaser_shot_01
stop_wpn_raidenlaser_loop_01|0|t,0,200,0,0,0,0,0,#play_wpn_gun_shot_01;play_wpn_raidenlaser_shot_01
stop_wpn_seriouscannon_charge_01|0|t,0,200,0,0,0,0,0,play_wpn_gun_charge_01;play_wpn_seriouscannon_charge_01
stop_wpn_seriouscannon_scream_01|0|t,0,50,0,0,0,0,0,#play_wpn_seriouscannon_scream_01
stop_wpn_superdowser_loop_01|0|t,0,500,0,0,0,0,0,play_wpn_gun_shot_01;play_wpn_superdowser_shot_01
stop_wpn_syringe_loop_01|0|t,0,500,0,0,0,0,0,play_wpn_gun_shot_01;play_wpn_syringe_shot_01
stop_wpn_unicornhornii_loop_01|0|x,0,0,0,0,0,0,0,unicorn_horn=off
